Sample,Well,Omit,Target,Task,Dyes,Cq,Cq.Conf,Amp.Score,Amp.Status,Annotated,Baseline.Start,Baseline.End,Curve.Quality,Result.Quality.Issues,Plate,Mean.Cq,Max.diff.Cq,Krill.positive,Comment,Exclude,Sample.number,Bottle.number,Sampling.time.UTC,Date,Latitude,Longitude,Sampling.method,Sampling.type,Sampling.depth,CTD.depth,seawater.temperature,sea.ice,Filter.halved,Filtering.time.UTC,Storage.boxes,Collectors,Comments,Time.between.filtering.and.sampling,Time.between.decimal,Percent.of.5.Litres,CTD.number,CTD.category
047A,B4,TRUE,F3R1,Unknown,FAM-NFQ-MGB,Undetermined,0,NA,No Amp,FALSE,3,9,,NA,2,35.22347367,0.670288577,Yes,,,47,3,13:41,13/02/2021,-65.525,55.05,CTD,CTD 02,5,top,-1.5,Ice edge (2 nm),AB,17:35,1A+1B,Liv/Liss/Christine/Mads,"Lat entered as -65.31.47, Lon entered as 55.03",3:54,3.9,1,2,2 top
047A,B16,TRUE,F3R3,Unknown,FAM-NFQ-MGB,35.69373507,0.905245654,2.453883379,Amp,FALSE,3,30,,NA,2,35.69373507,0,No,,,47,3,13:41,13/02/2021,-65.525,55.05,CTD,CTD 02,5,top,-1.5,Ice edge (2 nm),AB,17:35,1A+1B,Liv/Liss/Christine/Mads,"Lat entered as -65.31.47, Lon entered as 55.03",3:54,3.9,1,2,2 top
048A,N7,TRUE,F3R1,Unknown,FAM-NFQ-MGB,Undetermined,0,NA,No Amp,FALSE,3,17,,NA,3,NA,0,No,,,48,5,12.55,13/02/2021,-65.525,55.05,CTD,CTD 02,960,bottom,-1.5,Ice edge (2 nm),AB,17:35,1A+1B,Liv/Liss/Christine/Mads,"Lat entered as -65.31.47, Lon entered as 55.02.99",4:23,4.38,1,2,2 bottom
048A,N19,TRUE,F3R3,Unknown,FAM-NFQ-MGB,Undetermined,0,NA,No Amp,FALSE,3,39,,NA,3,NA,0,No,,,48,5,12.55,13/02/2021,-65.525,55.05,CTD,CTD 02,960,bottom,-1.5,Ice edge (2 nm),AB,17:35,1A+1B,Liv/Liss/Christine/Mads,"Lat entered as -65.31.47, Lon entered as 55.02.99",4:23,4.38,1,2,2 bottom
049A,C22,TRUE,F3R3,Unknown,FAM-NFQ-MGB,35.67834649,0.92798544,2.507518982,Amp,FALSE,3,25,,NA,1,36.0758372,0.794981408,Yes,,,49,1,0:00,13/02/2021,-65.006,55.001,CTD,CTD 03,5,top,-0.03,No,AB,8:09,1A+1B,Liv/Christine/night shift,,8:09,8.15,1,3,3 top
049A,C10,FALSE,F3R1,Unknown,FAM-NFQ-MGB,33.74352175,0.95488855,2.620990948,Amp,FALSE,3,26,,NA,1,33.67274245,0.759752549,Yes,,,49,1,0:00,13/02/2021,-65.006,55.001,CTD,CTD 03,5,top,-0.03,No,AB,8:09,1A+1B,Liv/Christine/night shift,,8:09,8.15,1,3,3 top
050A,J22,TRUE,F3R3,Unknown,FAM-NFQ-MGB,18.89857181,0.884421861,2.1970589,Inconclusive,FALSE,3,14,,NA,1,NA,0,No,,,50,5,,,NA,NA,,MilliQ,,,NA,,AB,8:09,1A+1B,Liv/Christine,"2L, some rust from scissors may contaminated??",8:09,8.15,0.4,NA, 
050A,J10,TRUE,F3R1,Unknown,FAM-NFQ-MGB,Undetermined,0,NA,No Amp,FALSE,3,44,,NA,1,NA,0,No,,,50,5,,,NA,NA,,MilliQ,,,NA,,AB,8:09,1A+1B,Liv/Christine,"2L, some rust from scissors may contaminated??",8:09,8.15,0.4,NA, 
051A,B10,FALSE,F3R1,Unknown,FAM-NFQ-MGB,Undetermined,0,NA,No Amp,FALSE,3,44,,NA,1,NA,0,No,,,51,2,22:03,13/02/2021,-65.006,55.001,CTD,CTD 03,3700,bottom,-0.3,No,AB,8:40,1A+1B,Liv/Christine,,10:37,10.62,1,3,3 bottom
051A,B22,FALSE,F3R3,Unknown,FAM-NFQ-MGB,32.99716207,0.752474552,NA,Inconclusive,FALSE,3,31,,NA,1,33.09500815,0.195692164,Yes,,,51,2,22:03,13/02/2021,-65.006,55.001,CTD,CTD 03,3700,bottom,-0.3,No,AB,8:40,1A+1B,Liv/Christine,,10:37,10.62,1,3,3 bottom
052A,G7,TRUE,F3R1,Unknown,FAM-NFQ-MGB,Undetermined,0,1.467115045,No Amp,FALSE,3,44,,NA,2,NA,0,No,,,52,6,7:17,14/02/2021,-64.501,55,CTD,CTD 04,4350,bottom,-0.4,No,AB,13:18,1A+1B,Liv/Christine,,6:01,6.02,1,4,4 bottom
052A,G19,TRUE,F3R3,Unknown,FAM-NFQ-MGB,7.617520508,0.983727305,2.142703465,Amp,FALSE,3,4,,NA,2,36.48831877,0,No,,,52,6,7:17,14/02/2021,-64.501,55,CTD,CTD 04,4350,bottom,-0.4,No,AB,13:18,1A+1B,Liv/Christine,,6:01,6.02,1,4,4 bottom
053A,H1,FALSE,F3R1,Unknown,FAM-NFQ-MGB,33.15918253,0.972392857,2.6485616,Amp,FALSE,3,26,,NA,1,33.42937229,0.54037953,Yes,,,53,3,8:39,14/02/2021,-64.501,55.001,CTD,CTD 04,5,top,0.1,No,AB,13:18,1A+1B,Liv/Christine,,4:39,4.65,1,4,4 top
053A,B4,FALSE,F3R3,Unknown,FAM-NFQ-MGB,36.58017543,0.872915729,2.468472533,Amp,FALSE,3,30,,NA,5,36.2990487,0.56225345,Yes,,,53,3,8:39,14/02/2021,-64.501,55.001,CTD,CTD 04,5,top,0.1,No,AB,13:18,1A+1B,Liv/Christine,,4:39,4.65,1,4,4 top
054A,P7,TRUE,F3R1,Unknown,FAM-NFQ-MGB,Undetermined,0,NA,No Amp,FALSE,3,39,,NA,3,NA,0,No,,,54,5,2:34,18/02/2021,-63.485,60.015,CTD,CTD 11,4422,bottom,-0.36,No,AB,7:47,1A+1B,Christine/Liv/Liss,,5:13,5.22,1,11,11 bottom
054A,P19,TRUE,F3R3,Unknown,FAM-NFQ-MGB,Undetermined,0,NA,No Amp,FALSE,3,39,,NA,3,NA,0,No,,,54,5,2:34,18/02/2021,-63.485,60.015,CTD,CTD 11,4422,bottom,-0.36,No,AB,7:47,1A+1B,Christine/Liv/Liss,,5:13,5.22,1,11,11 bottom
055A,L10,FALSE,F3R1,Unknown,FAM-NFQ-MGB,36.42935226,0.955593513,2.598686504,Amp,FALSE,3,31,,NA,1,35.71633048,1.426043551,Yes,,,55,2,4:23,18/02/2021,-63.48117,60.02933,CTD,CTD 11,5,top,1.35,No,AB,7:47,1A+1B,Christine/Liv/Liss,,3:24,3.4,1,11,11 top
055A,L22,TRUE,F3R3,Unknown,FAM-NFQ-MGB,Undetermined,0,NA,No Amp,FALSE,3,44,,NA,1,NA,0,No,,,55,2,4:23,18/02/2021,-63.48117,60.02933,CTD,CTD 11,5,top,1.35,No,AB,7:47,1A+1B,Christine/Liv/Liss,,3:24,3.4,1,11,11 top
056A,H10,TRUE,F3R1,Unknown,FAM-NFQ-MGB,34.66337942,0.967530296,2.64561404,Amp,FALSE,3,30,,NA,2,34.15586392,1.015030996,Yes,,,56,4,10:57,18/02/2021,-64.00288,60.0049,CTD,CTD 12,4327,bottom,-0.38,No,AB,16:16,1A+1B,Christine/Liv/Liss,"Paper dropped on bench, sample A",5:19,5.32,1,12,12 bottom
056A,H22,FALSE,F3R3,Unknown,FAM-NFQ-MGB,35.85206074,0.743189668,2.533704747,Amp,FALSE,3,32,,NA,2,35.72926824,0.245584991,Yes,,,56,4,10:57,18/02/2021,-64.00288,60.0049,CTD,CTD 12,4327,bottom,-0.38,No,AB,16:16,1A+1B,Christine/Liv/Liss,"Paper dropped on bench, sample A",5:19,5.32,1,12,12 bottom
057A,M19,FALSE,F3R3,Unknown,FAM-NFQ-MGB,32.20259503,0.937639593,2.514184307,Amp,FALSE,3,26,,NA,2,32.40009044,0.394990816,Yes,,,57,3,13:04,18/02/2021,-63.99982,59.99707,CTD,CTD 12,5,top,-0.58,No,AB,16:16,1A+1B,Christine/Liv/Liss,,3:12,3.2,1,12,12 top
057A,M7,FALSE,F3R1,Unknown,FAM-NFQ-MGB,32.34433856,0.943202538,2.632997946,Amp,FALSE,3,27,,NA,2,32.04797142,0.67975869,Yes,,,57,3,13:04,18/02/2021,-63.99982,59.99707,CTD,CTD 12,5,top,-0.58,No,AB,16:16,1A+1B,Christine/Liv/Liss,,3:12,3.2,1,12,12 top
058A,M4,FALSE,F3R1,Unknown,FAM-NFQ-MGB,35.39394313,0.778097474,2.529026662,Amp,FALSE,3,27,,NA,3,34.8127022,1.162481847,Yes,,,58,1,20:10,18/02/2021,-64.49935,59.99935,CTD,CTD 13,4300,bottom,-0.38,No,AB,10:29,1A+1B,Mad/Jess/Liv,,14:19,14.32,1,13,13 bottom
058A,M16,FALSE,F3R3,Unknown,FAM-NFQ-MGB,33.24966203,0.898805811,2.334539328,Inconclusive,FALSE,3,30,,NA,3,33.17952118,0.140281711,Yes,,,58,1,20:10,18/02/2021,-64.49935,59.99935,CTD,CTD 13,4300,bottom,-0.38,No,AB,10:29,1A+1B,Mad/Jess/Liv,,14:19,14.32,1,13,13 bottom
059A,E16,FALSE,F3R3,Unknown,FAM-NFQ-MGB,32.88588993,0.956073201,2.501023013,Amp,FALSE,3,28,,NA,2,33.18879361,0.457176152,Yes,,,59,6,21:59,18/02/2021,-64.49935,59.99935,CTD,CTD 13,5,top,0.31,No,AB,10:29,1A+1B,Mad/Jess/Liv,,12:30,12.5,1,13,13 top
059A,E4,FALSE,F3R1,Unknown,FAM-NFQ-MGB,32.12621887,0.828068028,2.629521561,Amp,FALSE,3,27,,NA,2,31.81345033,0.496459142,Yes,,,59,6,21:59,18/02/2021,-64.49935,59.99935,CTD,CTD 13,5,top,0.31,No,AB,10:29,1A+1B,Mad/Jess/Liv,,12:30,12.5,1,13,13 top
060A,G4,TRUE,F3R1,Unknown,FAM-NFQ-MGB,36.00246702,0.916512367,2.678690694,Amp,FALSE,3,29,,NA,1,36.00246702,0,No,,,60,2,,19/02/2021,NA,NA,,MilliQ,,,NA,,AB,16:14,1A+1B,Liv,,16:14,16.23,1,NA, 
060A,G16,TRUE,F3R3,Unknown,FAM-NFQ-MGB,Undetermined,0,NA,No Amp,FALSE,3,44,,NA,1,NA,0,No,,,60,2,,19/02/2021,NA,NA,,MilliQ,,,NA,,AB,16:14,1A+1B,Liv,,16:14,16.23,1,NA, 
061A,I4,TRUE,F3R3,Unknown,FAM-NFQ-MGB,37.12299651,0.978184959,2.569955303,Amp,FALSE,3,32,,NA,5,34.8674756,0.617694438,Yes,,,61,8,6:36,19/02/2021,-64.99938,60.01367,CTD,CTD 14,4120,bottom,-0.36,No,AB,16:44,1A+1B,Liv,,10:08,10.13,1,14,14 bottom
061A,B1,TRUE,F3R1,Unknown,FAM-NFQ-MGB,34.72747982,0.889816259,2.578440349,Amp,FALSE,3,28,,NA,3,32.93799331,0.004671131,Yes,,,61,8,6:36,19/02/2021,-64.99938,60.01367,CTD,CTD 14,4120,bottom,-0.36,No,AB,16:44,1A+1B,Liv,,10:08,10.13,1,14,14 bottom
062A,G10,FALSE,F3R1,Unknown,FAM-NFQ-MGB,33.19063022,0.98003603,2.612284537,Amp,FALSE,3,25,,NA,4,33.37787851,0.192525991,Yes,,,62,7,8:51,19/02/2021,-65.00067,60.01283,CTD,CTD 14,5,top,0.06,No,AB,16:44,1A+1B,Liv,,7:53,7.88,1,14,14 top
062A,G22,FALSE,F3R3,Unknown,FAM-NFQ-MGB,35.11558059,0.972876541,2.395222057,Amp,FALSE,3,26,,NA,4,34.67630276,1.160508973,Yes,,,62,7,8:51,19/02/2021,-65.00067,60.01283,CTD,CTD 14,5,top,0.06,No,AB,16:44,1A+1B,Liv,,7:53,7.88,1,14,14 top
063A,O4,FALSE,F3R3,Unknown,FAM,36.85731884,0.944551936,2.3913383,Inconclusive,FALSE,3,30,,NA,6,36.76333745,0.187962784,Yes,,,63,2,15:07,19/02/2021,-65.51035,59.98467,CTD,CTD 15,3870,bottom,-0.31,No,AB,2:30,1A+1B,Mad,,11:23,11.38,1,15,15 bottom
063A,G4,FALSE,F3R1,Unknown,FAM,34.74333963,0.933644146,2.57509053,Amp,FALSE,3,28,,NA,6,34.51151442,0.463650431,Yes,,,63,2,15:07,19/02/2021,-65.51035,59.98467,CTD,CTD 15,3870,bottom,-0.31,No,AB,2:30,1A+1B,Mad,,11:23,11.38,1,15,15 bottom
064A,B4,FALSE,F3R1,Unknown,FAM-NFQ-MGB,32.53374737,0.963694572,2.662689898,Amp,FALSE,3,27,,NA,1,32.61443848,0.161382231,Yes,,,64,3,17:04,19/02/2021,-65.52035,59.97708,CTD,CTD 15,10,top,-0.86,No,AB,2:30,1A+1B,Mad,Bottle got switched so corrected,9:26,9.43,1,15,15 top
064A,B16,TRUE,F3R3,Unknown,FAM-NFQ-MGB,34.36009168,0.956755224,2.532888589,Amp,FALSE,3,29,,NA,1,33.06124333,2.353765936,Yes,,,64,3,17:04,19/02/2021,-65.52035,59.97708,CTD,CTD 15,10,top,-0.86,No,AB,2:30,1A+1B,Mad,Bottle got switched so corrected,9:26,9.43,1,15,15 top
065A,O16,TRUE,F3R3,Unknown,FAM-NFQ-MGB,Undetermined,0,1.31517023,No Amp,FALSE,3,39,,NA,3,NA,0,No,,,65,7,2:10,20/02/2021,-65.94447,59.98118,CTD,CTD 16,5,top,-1.34,No,AB,9:50,1A+1B,Jed/Dez,,7:40,7.67,1,16,16 top
065A,F4,FALSE,F3R1,Unknown,FAM,34.23223612,0.983047207,2.628269203,Amp,FALSE,3,25,,NA,6,34.95239126,1.440310287,Yes,"If conf-ints are taken into account, meets criteria.",,65,7,2:10,20/02/2021,-65.94447,59.98118,CTD,CTD 16,5,top,-1.34,No,AB,9:50,1A+1B,Jed/Dez,,7:40,7.67,1,16,16 top
066A,F1,FALSE,F3R1,Unknown,FAM-NFQ-MGB,34.06101453,0.985546898,2.565671542,Amp,FALSE,3,27,,NA,4,34.36373651,0.605443963,Yes,,,66,8,0:45,20/02/2021,-65.93992,59.97225,CTD,CTD 16,3050,bottom,-0.27,No,AB,9:50,1A+1B,Jed/Dez,Half filter paper dropped. Good half cut in two.,9:05,9.08,1,16,16 bottom
066A,F13,FALSE,F3R3,Unknown,FAM-NFQ-MGB,35.9885982,0.953256704,2.356544458,Amp,FALSE,3,28,,NA,4,35.93502484,0.541582216,Yes,,,66,8,0:45,20/02/2021,-65.93992,59.97225,CTD,CTD 16,3050,bottom,-0.27,No,AB,9:50,1A+1B,Jed/Dez,Half filter paper dropped. Good half cut in two.,9:05,9.08,1,16,16 bottom
067A,N7,TRUE,F3R1,Unknown,FAM-NFQ-MGB,Undetermined,0,NA,No Amp,FALSE,3,44,,NA,2,35.58985818,0,No,,,67,6,9:38,20/02/2021,-66.24997,60.24897,CTD,CTD 17,2790,bottom,-0.25,No,AB,0:50,1A+1B,Derek,,15:12,15.2,1,17,17 bottom
067A,N19,TRUE,F3R3,Unknown,FAM-NFQ-MGB,5.360429672,0.936281037,2.152245811,Amp,FALSE,3,3,,NA,2,NA,0,No,,,67,6,9:38,20/02/2021,-66.24997,60.24897,CTD,CTD 17,2790,bottom,-0.25,No,AB,0:50,1A+1B,Derek,,15:12,15.2,1,17,17 bottom
068A,P7,FALSE,F3R1,Unknown,FAM-NFQ-MGB,Undetermined,0,NA,No Amp,FALSE,3,44,,NA,1,33.73507746,0.522376941,Yes,,,68,3,11:11,20/02/2021,-66.25182,60.2457,CTD,CTD 17,5,top,-1.59,No,AB,0:50,1A+1B,Derek,,13:39,13.65,1,17,17 top
068A,P19,FALSE,F3R3,Unknown,FAM-NFQ-MGB,33.50882959,0.987401951,2.508790622,Amp,FALSE,3,29,,NA,1,33.32837334,0.360912507,Yes,,,68,3,11:11,20/02/2021,-66.25182,60.2457,CTD,CTD 17,5,top,-1.59,No,AB,0:50,1A+1B,Derek,,13:39,13.65,1,17,17 top
069A,A7,TRUE,F3R1,Unknown,FAM-NFQ-MGB,Undetermined,0,NA,No Amp,FALSE,3,39,,NA,4,NA,0,No,,,69,2,13:52,20/02/2021,-66.40013,60.2512,CTD,CTD 18,2265,bottom,-0.23,No,AB,15:50,1A+1B,Derek,,1:58,1.97,1,18,18 bottom
069A,A19,FALSE,F3R3,Unknown,FAM-NFQ-MGB,36.85988901,0.92146808,2.324533307,Inconclusive,FALSE,3,27,,NA,4,36.38601134,0.947755347,Yes,,,69,2,13:52,20/02/2021,-66.40013,60.2512,CTD,CTD 18,2265,bottom,-0.23,No,AB,15:50,1A+1B,Derek,,1:58,1.97,1,18,18 bottom
070A,J19,TRUE,F3R3,Unknown,FAM-NFQ-MGB,Undetermined,0,1.154748546,No Amp,FALSE,3,44,,NA,1,NA,0,No,,,70,?,,21/02/2021,NA,NA,,MilliQ,,,NA,,AB,14:55,1A+1B,Derek,4 samples as ran both filters and halved,14:55,14.92,1,NA, 
070A,J7,TRUE,F3R1,Unknown,FAM-NFQ-MGB,Undetermined,0,NA,No Amp,FALSE,3,44,,NA,1,NA,0,No,,,70,?,,21/02/2021,NA,NA,,MilliQ,,,NA,,AB,14:55,1A+1B,Derek,4 samples as ran both filters and halved,14:55,14.92,1,NA, 
071A,N13,TRUE,F3R3,Unknown,FAM-NFQ-MGB,Undetermined,0,1.455528841,No Amp,FALSE,3,39,,NA,3,32.8558683,0,No,,,71,1,15:32,20/02/2021,-66.40185,60.249,CTD,CTD 18,5,top,-1.66,No,AB,15:50,1A+1B,Derek,,0:18,0.3,1,18,18 top
071A,N1,TRUE,F3R1,Unknown,FAM-NFQ-MGB,Undetermined,0,1.436617147,No Amp,FALSE,3,39,,NA,3,36.41495533,2.746567861,No,"If conf-ints are taken into account, meets criteria.",,71,1,15:32,20/02/2021,-66.40185,60.249,CTD,CTD 18,5,top,-1.66,No,AB,15:50,1A+1B,Derek,,0:18,0.3,1,18,18 top
072A,G1,FALSE,F3R1,Unknown,FAM-NFQ-MGB,34.71510264,0.966224054,2.623527029,Amp,FALSE,3,28,,NA,1,34.8271935,0.203091378,Yes,,,72,4,20:28,20/02/2021,-66.55722,60.24808,CTD,CTD 19,5,top,-1.63,No,AB,0:40,1A+1B,Derek,Training Soph and Andreas,4:12,4.2,1,19,19 top
072A,G13,FALSE,F3R3,Unknown,FAM-NFQ-MGB,33.99318209,0.966148713,2.529814778,Amp,FALSE,3,28,,NA,1,34.12658187,0.266799567,Yes,,,72,4,20:28,20/02/2021,-66.55722,60.24808,CTD,CTD 19,5,top,-1.63,No,AB,0:40,1A+1B,Derek,Training Soph and Andreas,4:12,4.2,1,19,19 top
073A,D4,FALSE,F3R1,Unknown,FAM,Undetermined,0,NA,No Amp,FALSE,3,39,,NA,6,35.71807132,0,No,,,73,11,19:33,20/02/2021,-66.55692,60.2459,CTD,CTD 19,1600,bottom,0.0106,No,AB,0:40,1A+1B,Derek,,5:07,5.12,1,19,19 bottom
073A,L4,FALSE,F3R3,Unknown,FAM,35.41737248,0.972162268,2.523202857,Amp,FALSE,3,28,,NA,6,36.43051031,2.026275661,Yes,"If conf-ints are taken into account, meets criteria.",,73,11,19:33,20/02/2021,-66.55692,60.2459,CTD,CTD 19,1600,bottom,0.0106,No,AB,0:40,1A+1B,Derek,,5:07,5.12,1,19,19 bottom
074A,H1,FALSE,F3R1,Unknown,FAM,37.53415742,0.663184535,2.250536588,Inconclusive,FALSE,3,27,,NA,6,37.53415742,0.392846962,No,,,74,8,10:44,21/02/2021,-66.56573,62.06278,CTD,CTD 20,850,bottom,0.1108,No,AB,2:10,1A+1B,Andreas,First eDNA run,15:26,15.43,1,20,20 bottom
074A,P16,TRUE,F3R3,Unknown,FAM-NFQ-MGB,Undetermined,0,NA,No Amp,FALSE,3,44,,NA,2,37.55239869,0.822176471,Yes,,,74,8,10:44,21/02/2021,-66.56573,62.06278,CTD,CTD 20,850,bottom,0.1108,No,AB,2:10,1A+1B,Andreas,First eDNA run,15:26,15.43,1,20,20 bottom
075A,E1,FALSE,F3R1,Unknown,FAM-NFQ-MGB,35.9706401,0.96211383,2.64682841,Amp,FALSE,3,31,,NA,1,35.9287223,0.347624214,Yes,,,75,7,11:12,21/02/2021,-66.56572,62.06277,CTD,CTD 20,5,top,-1.5845,No,AB,2:10,1A+1B,Andreas,,14:58,14.97,1,20,20 top
075A,E13,TRUE,F3R3,Unknown,FAM-NFQ-MGB,Undetermined,0,0.950012784,No Amp,FALSE,3,44,,NA,1,NA,0,No,,,75,7,11:12,21/02/2021,-66.56572,62.06277,CTD,CTD 20,5,top,-1.5845,No,AB,2:10,1A+1B,Andreas,,14:58,14.97,1,20,20 top
076A,A7,FALSE,F3R1,Unknown,FAM,34.62283011,0.963118858,2.554886953,Amp,FALSE,3,27,,NA,6,34.99541653,0.745172836,Yes,,,76,6,14:46,21/02/2021,-66.52453,62.44553,CTD,CTD 21,1471,bottom,-0.0359,No,AB,4:45,1A+1B,AK/SB,,13:59,13.98,1,21,21 bottom
076A,H22,TRUE,F3R3,Unknown,FAM-NFQ-MGB,Undetermined,0,NA,No Amp,FALSE,3,44,,NA,1,32.58730827,0,No,,,76,6,14:46,21/02/2021,-66.52453,62.44553,CTD,CTD 21,1471,bottom,-0.0359,No,AB,4:45,1A+1B,AK/SB,,13:59,13.98,1,21,21 bottom
077A,D13,FALSE,F3R3,Unknown,FAM-NFQ-MGB,35.04859701,0.729961051,2.407608751,Amp,FALSE,3,28,,NA,4,35.03828131,0.723352643,Yes,,,77,3,15:25,21/02/2021,-66.52372,62.44542,CTD,CTD 21,8,top,-1.5031,No,AB,4:45,1A+1B,AK/SB,,13:20,13.33,1,21,21 top
077A,D1,FALSE,F3R1,Unknown,FAM-NFQ-MGB,34.69132632,0.928205746,2.528442574,Amp,FALSE,3,29,,NA,4,34.43066861,0.515196557,Yes,,,77,3,15:25,21/02/2021,-66.52372,62.44542,CTD,CTD 21,8,top,-1.5031,No,AB,4:45,1A+1B,AK/SB,,13:20,13.33,1,21,21 top
078A,N4,FALSE,F3R1,Unknown,FAM-NFQ-MGB,35.72656795,0.859835194,2.620828291,Amp,FALSE,3,31,,NA,2,36.09001116,0.726886404,Yes,,,78,2,12:54,23/02/2021,-66.55385,65.01467,CTD,CTD 22,2290,bottom,-0.376,No,AB,17:47,1A+1B,Maddie,ice edge,4:53,4.88,1,22,22 bottom
078A,N16,FALSE,F3R3,Unknown,FAM-NFQ-MGB,36.57577301,0.97153308,2.563467306,Amp,FALSE,3,32,,NA,2,36.12700124,0.897543556,Yes,,,78,2,12:54,23/02/2021,-66.55385,65.01467,CTD,CTD 22,2290,bottom,-0.376,No,AB,17:47,1A+1B,Maddie,ice edge,4:53,4.88,1,22,22 bottom
079A,C13,FALSE,F3R3,Unknown,FAM-NFQ-MGB,35.12043879,0.971922427,2.393357221,Amp,FALSE,3,29,,NA,4,35.22072522,0.570177706,Yes,,,79,7,14:24,23/02/2021,-66.55453,65.0077,CTD,CTD 22,5,top,-1.5214,No,AB,17:47,1A+1B,Maddie,ice edge,3:23,3.38,1,22,22 top
079A,C1,FALSE,F3R1,Unknown,FAM-NFQ-MGB,35.47635161,0.907628346,2.462983204,Amp,FALSE,3,28,,NA,4,35.74109134,0.529479457,Yes,,,79,7,14:24,23/02/2021,-66.55453,65.0077,CTD,CTD 22,5,top,-1.5214,No,AB,17:47,1A+1B,Maddie,ice edge,3:23,3.38,1,22,22 top
080A,I10,TRUE,F3R1,Unknown,FAM-NFQ-MGB,Undetermined,0,1.018573129,No Amp,FALSE,3,44,,NA,1,NA,0,No,,,80,11,,23/02/2021,NA,NA,,MilliQ,,,NA,,AB,18:26,1A+1B,Maddie,,18:26,18.43,1,NA, 
080A,I22,TRUE,F3R3,Unknown,FAM-NFQ-MGB,Undetermined,0,1.708026912,No Amp,FALSE,3,44,,NA,1,NA,0,No,,,80,11,,23/02/2021,NA,NA,,MilliQ,,,NA,,AB,18:26,1A+1B,Maddie,,18:26,18.43,1,NA, 
081A,C16,TRUE,F3R3,Unknown,FAM-NFQ-MGB,Undetermined,0,NA,No Amp,FALSE,3,44,,NA,2,NA,0,No,,,81,8,17:40,23/02/2021,-66.40077,65.00183,CTD,CTD 23,2190,bottom,-0.3518,No,AB,19:55,1A+1B,Maddie,,2:15,2.25,1,23,23 bottom
081A,D16,FALSE,F3R1,Unknown,FAM,35.86591022,0.917556166,2.489037235,Inconclusive,FALSE,3,30,,NA,6,35.34205591,1.047708626,Yes,,,81,8,17:40,23/02/2021,-66.40077,65.00183,CTD,CTD 23,2190,bottom,-0.3518,No,AB,19:55,1A+1B,Maddie,,2:15,2.25,1,23,23 bottom
082A,E10,FALSE,F3R1,Unknown,FAM-NFQ-MGB,34.53475734,0.95155333,2.598319319,Amp,FALSE,3,31,,NA,2,34.90694787,0.744381062,Yes,,,82,1,18:38,23/02/2021,-66.40008,65.00268,CTD,CTD 23,5,top,-1.5154,No,AB,19:55,1A+1B,Maddie,,1:17,1.28,1,23,23 top
082A,E22,FALSE,F3R3,Unknown,FAM-NFQ-MGB,36.9349065,0.821099959,2.487768982,Amp,FALSE,3,31,,NA,2,36.11443544,1.640942132,Yes,,,82,1,18:38,23/02/2021,-66.40008,65.00268,CTD,CTD 23,5,top,-1.5154,No,AB,19:55,1A+1B,Maddie,,1:17,1.28,1,23,23 top
083A,D13,FALSE,F3R3,Unknown,FAM-NFQ-MGB,33.74810873,0.967264132,2.597242797,Amp,FALSE,3,30,,NA,2,33.80624506,0.733730608,Yes,,,83,7,23:09,23/02/2021,-66.25042,64.99917,CTD,CTD 24,2500,bottom,-0.92,No,AB,3:15,1A+1B,Maddie,,4:06,4.1,1,24,24 bottom
083A,D1,FALSE,F3R1,Unknown,FAM-NFQ-MGB,33.32083563,0.946291764,2.691819898,Amp,FALSE,3,27,,NA,2,33.40598524,0.170299226,Yes,,,83,7,23:09,23/02/2021,-66.25042,64.99917,CTD,CTD 24,2500,bottom,-0.92,No,AB,3:15,1A+1B,Maddie,,4:06,4.1,1,24,24 bottom
084A,A10,TRUE,F3R1,Unknown,FAM-NFQ-MGB,37.04943843,0.940012494,2.282542885,Amp,FALSE,3,28,,NA,4,34.30917473,1.215473164,Yes,,,84,2,0:14,24/02/2021,-66.25328,64.9954,CTD,CTD 24,5,top,-1.28,No,AB,3:15,1A+1B,Maddie,,3:01,3.02,1,24,24 top
084A,A22,FALSE,F3R3,Unknown,FAM-NFQ-MGB,36.52534867,0.883956595,2.300834136,Amp,FALSE,3,30,,NA,4,36.85549961,1.191015643,Yes,,,84,2,0:14,24/02/2021,-66.25328,64.9954,CTD,CTD 24,5,top,-1.28,No,AB,3:15,1A+1B,Maddie,,3:01,3.02,1,24,24 top
085A,D7,TRUE,F3R1,Unknown,FAM-NFQ-MGB,Undetermined,0,NA,No Amp,FALSE,3,44,,NA,1,NA,0,No,,,85,11,6:31,24/02/2021,-65.98283,65.00278,CTD,CTD 25,3080,bottom,-0.3,No,AB,14:30,1A+1B,Derek,,7:59,7.98,1,25,25 bottom
085A,D19,TRUE,F3R3,Unknown,FAM-NFQ-MGB,Undetermined,0,NA,No Amp,FALSE,3,44,,NA,1,NA,0,No,,,85,11,6:31,24/02/2021,-65.98283,65.00278,CTD,CTD 25,3080,bottom,-0.3,No,AB,14:30,1A+1B,Derek,,7:59,7.98,1,25,25 bottom
086A,N19,FALSE,F3R3,Unknown,FAM-NFQ-MGB,34.53411101,0.963212963,2.496737714,Amp,FALSE,3,27,,NA,1,34.66642035,0.264618679,Yes,,,86,8,8:10,24/02/2021,-65.9993,65.00373,CTD,CTD 25,5,top,-1.1,No,AB,14:30,1A+1B,Derek,,6:20,6.33,1,25,25 top
086A,N7,FALSE,F3R1,Unknown,FAM-NFQ-MGB,33.4815363,0.9808027,2.679791307,Amp,FALSE,3,27,,NA,1,34.11066903,1.189569184,Yes,,,86,8,8:10,24/02/2021,-65.9993,65.00373,CTD,CTD 25,5,top,-1.1,No,AB,14:30,1A+1B,Derek,,6:20,6.33,1,25,25 top
087A,A1,TRUE,F3R1,Unknown,FAM-NFQ-MGB,Undetermined,0,NA,No Amp,FALSE,3,39,,NA,3,NA,0,No,,,87,2,13:27,24/02/2021,-65.49958,64.92705,CTD,CTD 26,2725,bottom,-0.3,No,AB,18:20,1A+1B,Maddie,,4:53,4.88,1,26,26 bottom
087A,A13,TRUE,F3R3,Unknown,FAM-NFQ-MGB,Undetermined,0,NA,No Amp,FALSE,3,39,,NA,3,NA,0,No,,,87,2,13:27,24/02/2021,-65.49958,64.92705,CTD,CTD 26,2725,bottom,-0.3,No,AB,18:20,1A+1B,Maddie,,4:53,4.88,1,26,26 bottom
088A,C13,TRUE,F3R3,Unknown,FAM-NFQ-MGB,Undetermined,0,NA,No Amp,FALSE,3,44,,NA,1,37.28279325,0,No,,,88,1,15:11,24/02/2021,-65.50067,64.98533,CTD,CTD 26,5,top,-0.8,No,AB,18:20,1A+1B,Maddie,lat written as -66 in notes,3:09,3.15,1,26,26 top
088A,C1,TRUE,F3R1,Unknown,FAM-NFQ-MGB,36.13086228,0.870990865,2.592792124,Amp,FALSE,3,31,,NA,1,37.05166595,1.841607329,Yes,,,88,1,15:11,24/02/2021,-65.50067,64.98533,CTD,CTD 26,5,top,-0.8,No,AB,18:20,1A+1B,Maddie,lat written as -66 in notes,3:09,3.15,1,26,26 top
089A,E4,FALSE,F3R3,Unknown,FAM-NFQ-MGB,37.99162933,0.904823504,2.415994617,Amp,FALSE,3,33,,NA,5,37.78012417,0.423010331,Yes,,,89,10,23:24,24/02/2021,-64.99983,65.00052,CTD,CTD 27,5,top,-0.5,No,AB,5:30,1A+1B,Derek/Jez,,6:06,6.1,1,27,27 top
089A,C1,TRUE,F3R1,Unknown,FAM-NFQ-MGB,39.13396321,0.908832066,2.563116401,Amp,FALSE,3,33,,NA,5,37.46063218,0.709637413,Yes,,,89,10,23:24,24/02/2021,-64.99983,65.00052,CTD,CTD 27,5,top,-0.5,No,AB,5:30,1A+1B,Derek/Jez,,6:06,6.1,1,27,27 top
090A,N13,TRUE,F3R3,Unknown,FAM-NFQ-MGB,Undetermined,0,NA,No Amp,FALSE,3,44,,NA,1,NA,0,No,,,90,11,,24/02/2021,NA,NA,,MilliQ,,,NA,,AB,6:16,2A+2B,Derek/Jez,,6:16,6.27,1,NA, 
090A,N1,TRUE,F3R1,Unknown,FAM-NFQ-MGB,Undetermined,0,NA,No Amp,FALSE,3,44,,NA,1,NA,0,No,,,90,11,,24/02/2021,NA,NA,,MilliQ,,,NA,,AB,6:16,2A+2B,Derek/Jez,,6:16,6.27,1,NA, 
091A,B19,TRUE,F3R3,Unknown,FAM-NFQ-MGB,Undetermined,0,NA,No Amp,FALSE,3,39,,NA,3,NA,0,No,,,91,5,21:58,24/02/2021,-65.00152,65.0002,CTD,CTD 27,3200,bottom,-0.19,No,AB,6:56,2A+2B,Derek/Jez,,8:58,8.97,1,27,27 bottom
091A,B7,TRUE,F3R1,Unknown,FAM-NFQ-MGB,Undetermined,0,NA,No Amp,FALSE,3,11,,NA,3,NA,0,No,,,91,5,21:58,24/02/2021,-65.00152,65.0002,CTD,CTD 27,3200,bottom,-0.19,No,AB,6:56,2A+2B,Derek/Jez,,8:58,8.97,1,27,27 bottom
092A,B1,TRUE,F3R1,Unknown,FAM-NFQ-MGB,Undetermined,0,NA,No Amp,FALSE,3,44,,NA,2,35.37736461,1.510929433,Yes,"If conf-ints are taken into account, meets criteria.",,92,7,12:52,25/02/2021,-64.5,65.00085,CTD,CTD 28,3897,bottom,-0.2,No,AB,17:37,2A+2B,Maddie,delayed getting sample into freezer for a few hours,4:45,4.75,1,28,28 bottom
092A,B13,TRUE,F3R3,Unknown,FAM-NFQ-MGB,Undetermined,0,1.640151326,No Amp,FALSE,3,44,,NA,2,NA,0,No,,,92,7,12:52,25/02/2021,-64.5,65.00085,CTD,CTD 28,3897,bottom,-0.2,No,AB,17:37,2A+2B,Maddie,delayed getting sample into freezer for a few hours,4:45,4.75,1,28,28 bottom
093A,A1,FALSE,F3R1,Unknown,FAM-NFQ-MGB,35.98108929,0.927201716,2.648091907,Amp,FALSE,3,27,,NA,5,36.61963266,1.277086729,Yes,,,93,4,14:59,25/02/2021,-64.50013,64.99745,CTD,CTD 28,5,top,0.12,No,AB,17:37,2A+2B,Maddie,delayed getting sample into freezer for a few hours,2:38,2.63,1,28,28 top
093A,P13,TRUE,F3R3,Unknown,FAM-NFQ-MGB,Undetermined,0,NA,No Amp,FALSE,3,44,,NA,1,NA,0,No,,,93,4,14:59,25/02/2021,-64.50013,64.99745,CTD,CTD 28,5,top,0.12,No,AB,17:37,2A+2B,Maddie,delayed getting sample into freezer for a few hours,2:38,2.63,1,28,28 top
094A,E10,FALSE,F3R1,Unknown,FAM-NFQ-MGB,34.18512927,0.91381752,2.520432737,Amp,FALSE,3,29,,NA,3,34.07496634,0.220325872,Yes,,,94,11,23:56,25/02/2021,-64.00015,64.99983,CTD,CTD 29,5,top,0.27,No,AB,2:36,2A+2B,Maddie,,2:40,2.67,1,29,29 top
094A,K4,FALSE,F3R3,Unknown,FAM-NFQ-MGB,37.22997914,0.97099353,2.390981918,Amp,FALSE,3,30,,NA,5,37.72126548,0.982572686,Yes,,,94,11,23:56,25/02/2021,-64.00015,64.99983,CTD,CTD 29,5,top,0.27,No,AB,2:36,2A+2B,Maddie,,2:40,2.67,1,29,29 top
095A,O1,TRUE,F3R1,Unknown,FAM-NFQ-MGB,9.496126449,0.972510352,2.108168402,Inconclusive,FALSE,3,5,,NA,2,36.39934735,0.660890371,Yes,,,95,1,22:15,25/02/2021,-64.0007,64.99752,CTD,CTD 29,4080,bottom,-0.2,No,AB,2:36,2A+2B,Maddie,,4:21,4.35,1,29,29 bottom
095A,O13,TRUE,F3R3,Unknown,FAM-NFQ-MGB,9.761746165,0.885521654,1.894197438,Inconclusive,FALSE,3,8,,NA,2,36.5334682,0,No,,,95,1,22:15,25/02/2021,-64.0007,64.99752,CTD,CTD 29,4080,bottom,-0.2,No,AB,2:36,2A+2B,Maddie,,4:21,4.35,1,29,29 bottom
096A,H10,TRUE,F3R1,Unknown,FAM-NFQ-MGB,Undetermined,0,NA,No Amp,FALSE,3,39,,NA,4,NA,0,No,,,96,7,7:30,28/02/2021,-62.83295,70.00108,CTD,CTD 34,4081,bottom,-0.17,No,AB,11:44,2A+2B,Christine/Liv/Liss,WD40 was sprayed in the CTD room when sample taben & 10 day old bleach used for cleaning,4:14,4.23,1,34,34 bottom
096A,H22,TRUE,F3R3,Unknown,FAM-NFQ-MGB,Undetermined,0,NA,No Amp,FALSE,3,39,,NA,4,NA,0,No,,,96,7,7:30,28/02/2021,-62.83295,70.00108,CTD,CTD 34,4081,bottom,-0.17,No,AB,11:44,2A+2B,Christine/Liv/Liss,WD40 was sprayed in the CTD room when sample taben & 10 day old bleach used for cleaning,4:14,4.23,1,34,34 bottom
097A,F19,TRUE,F3R3,Unknown,FAM-NFQ-MGB,6.205511842,0.979399301,2.087411018,Inconclusive,FALSE,3,3,,NA,2,NA,0,No,,,97,4,9:42,28/02/2021,-62.83217,70.00105,CTD,CTD 34,15,top,0.9,No,AB,11:23,2A+2B,Christine/Liv/Liss,WD40 was sprayed in the CTD room when sample taben & 10 day old bleach used for cleaning,1:41,1.68,1,34,34 top
097A,E4,FALSE,F3R1,Unknown,FAM,Undetermined,0,NA,No Amp,FALSE,3,39,,NA,6,35.80802807,0,No,,,97,4,9:42,28/02/2021,-62.83217,70.00105,CTD,CTD 34,15,top,0.9,No,AB,11:23,2A+2B,Christine/Liv/Liss,WD40 was sprayed in the CTD room when sample taben & 10 day old bleach used for cleaning,1:41,1.68,1,34,34 top
098A,F16,TRUE,F3R3,Unknown,FAM-NFQ-MGB,Undetermined,0,NA,No Amp,FALSE,3,44,,NA,2,NA,0,No,,,98,1,14:10,28/02/2021,-63.16703,69.99898,CTD,CTD 35,3993,bottom,-0.18,No,AB,17:45,2A+2B,Jess/Mads,,3:35,3.58,1,35,35 bottom
098A,F10,FALSE,F3R1,Unknown,FAM,Undetermined,0,NA,No Amp,FALSE,3,39,,NA,6,36.99522545,0,No,,,98,1,14:10,28/02/2021,-63.16703,69.99898,CTD,CTD 35,3993,bottom,-0.18,No,AB,17:45,2A+2B,Jess/Mads,,3:35,3.58,1,35,35 bottom
099A,E13,TRUE,F3R3,Unknown,FAM-NFQ-MGB,Undetermined,0,1.513886559,No Amp,FALSE,3,44,,NA,2,NA,0,No,,,99,10,16:12,28/02/2021,-63.16692,70.00027,CTD,CTD 35,15,top,0.42,No,AB,17:45,2A+2B,Jess/Mads,,1:33,1.55,1,35,35 top
099A,E1,TRUE,F3R1,Unknown,FAM-NFQ-MGB,Undetermined,0,NA,No Amp,FALSE,3,44,,NA,2,37.00761705,2.046692238,Yes,"If conf-ints are taken into account, meets criteria.",,99,10,16:12,28/02/2021,-63.16692,70.00027,CTD,CTD 35,15,top,0.42,No,AB,17:45,2A+2B,Jess/Mads,,1:33,1.55,1,35,35 top
100A,L16,TRUE,F3R3,Unknown,FAM-NFQ-MGB,Undetermined,0,1.476407569,No Amp,FALSE,3,39,,NA,3,33.64009757,0,No,,,100,11,,28/02/2021,NA,NA,,MilliQ,,,NA,,AB,?,2A+2B,Jess/Mads,,,0,1,NA, 
100A,L4,TRUE,F3R1,Unknown,FAM-NFQ-MGB,15.27238688,0.561696396,1.930123487,Inconclusive,FALSE,3,11,,NA,3,NA,0,No,,,100,11,,28/02/2021,NA,NA,,MilliQ,,,NA,,AB,?,2A+2B,Jess/Mads,,,0,1,NA, 
101A,J13,TRUE,F3R3,Unknown,FAM-NFQ-MGB,Undetermined,0,1.339422728,No Amp,FALSE,3,39,,NA,3,NA,0,No,,,101,4,21:23,28/02/2021,-63.49965,70.00285,CTD,CTD 36,3700,bottom,-0.08,No,AB,1:00,2A+2B,Maddie,3.5 L filtered,3:37,3.62,0.7,36,36 bottom
101A,J1,TRUE,F3R1,Unknown,FAM-NFQ-MGB,35.16262687,0.753171865,2.578614241,Amp,FALSE,3,29,,NA,3,37.60853065,1.341623628,Yes,,,101,4,21:23,28/02/2021,-63.49965,70.00285,CTD,CTD 36,3700,bottom,-0.08,No,AB,1:00,2A+2B,Maddie,3.5 L filtered,3:37,3.62,0.7,36,36 bottom
102A,L19,TRUE,F3R3,Unknown,FAM-NFQ-MGB,Undetermined,0,1.199268377,No Amp,FALSE,3,44,,NA,2,36.14527748,3.05974548,Yes,,,102,10,22:55,28/02/2021,-63.49792,69.9964,CTD,CTD 36,15,top,0.015,No,AB,1:00,2A+2B,Maddie,,2:05,2.08,1,36,36 top
102A,L7,FALSE,F3R1,Unknown,FAM-NFQ-MGB,33.20625382,0.975199755,2.634016668,Amp,FALSE,3,27,,NA,2,33.28230104,0.152094439,Yes,,,102,10,22:55,28/02/2021,-63.49792,69.9964,CTD,CTD 36,15,top,0.015,No,AB,1:00,2A+2B,Maddie,,2:05,2.08,1,36,36 top
103A,L13,TRUE,F3R3,Unknown,FAM-NFQ-MGB,Undetermined,0,NA,No Amp,FALSE,3,44,,NA,1,35.4261097,0,No,,,103,8,6:13,1/03/2021,-63.96712,70.00163,CTD,CTD 37,3520,bottom,-0.13,No,AB,19:50,2A+2B,Maddie,,13:37,13.62,1,37,37 bottom
103A,L1,TRUE,F3R1,Unknown,FAM-NFQ-MGB,33.86942573,0.983216744,2.660325631,Amp,FALSE,3,25,,NA,1,36.36136869,0.91277365,Yes,,,103,8,6:13,1/03/2021,-63.96712,70.00163,CTD,CTD 37,3520,bottom,-0.13,No,AB,19:50,2A+2B,Maddie,,13:37,13.62,1,37,37 bottom
104A,J22,TRUE,F3R3,Unknown,FAM-NFQ-MGB,20.63019704,0.293354887,2.2724525,Amp,FALSE,3,31,,NA,3,NA,0,No,,,104,2,8:07,1/03/2021,-63.97543,70.01028,CTD,CTD 37,10,top,-0.05,No,AB,19:50,2A+2B,Maddie,,11:43,11.72,1,37,37 top
104A,J10,FALSE,F3R1,Unknown,FAM-NFQ-MGB,36.19044478,0.88944253,2.357318588,Amp,FALSE,3,30,,NA,3,36.56324552,0.745601469,Yes,,,104,2,8:07,1/03/2021,-63.97543,70.01028,CTD,CTD 37,10,top,-0.05,No,AB,19:50,2A+2B,Maddie,,11:43,11.72,1,37,37 top
105A,E19,TRUE,F3R3,Unknown,FAM-NFQ-MGB,Undetermined,0,1.55309412,No Amp,FALSE,3,39,,NA,3,36.09139263,2.668098576,Yes,"If conf-ints are taken into account, meets criteria.",,105,11,14:15,1/03/2021,-64.21618,69.99623,CTD,CTD 38,3392,bottom,-0.1,No,AB,20:30,2A+2B,Maddie,,6:15,6.25,1,38,38 bottom
105A,E7,TRUE,F3R1,Unknown,FAM-NFQ-MGB,Undetermined,0,1.423670631,No Amp,FALSE,3,39,,NA,3,36.89860332,0,No,,,105,11,14:15,1/03/2021,-64.21618,69.99623,CTD,CTD 38,3392,bottom,-0.1,No,AB,20:30,2A+2B,Maddie,,6:15,6.25,1,38,38 bottom
106A,M13,FALSE,F3R3,Unknown,FAM,38.44443581,0.063582936,2.281744992,Inconclusive,FALSE,3,31,,NA,6,37.39432979,2.100212053,Yes,"If conf-ints are taken into account, meets criteria.",,106,3,16:05,1/03/2021,-64.21663,70.00098,CTD,CTD 38,5,top,-0.11,No,AB,20:30,2A+2B,Maddie,,4:25,4.42,1,38,38 top
106A,E13,FALSE,F3R1,Unknown,FAM,33.38878493,0.912911778,2.573316063,Amp,FALSE,3,26,,NA,6,34.10242162,1.427273372,Yes,"If conf-ints are taken into account, meets criteria.",,106,3,16:05,1/03/2021,-64.21663,70.00098,CTD,CTD 38,5,top,-0.11,No,AB,20:30,2A+2B,Maddie,,4:25,4.42,1,38,38 top
107A,I7,FALSE,F3R1,Unknown,FAM-NFQ-MGB,34.73325034,0.937188253,2.560843053,Amp,FALSE,3,28,,NA,3,34.82267159,0.178842497,Yes,,,107,8,21:45,1/03/2021,-64.41675,69.9529,CTD,CTD 39,3383,bottom,-0.11,No,AB,1:40,2A+2B,Maddie,filtered on 2/3/21 UTC,3:55,3.92,1,39,39 bottom
107A,I19,TRUE,F3R3,Unknown,FAM-NFQ-MGB,33.83806202,0.858653455,2.272242442,Inconclusive,FALSE,3,30,,NA,3,33.83806202,0,No,,,107,8,21:45,1/03/2021,-64.41675,69.9529,CTD,CTD 39,3383,bottom,-0.11,No,AB,1:40,2A+2B,Maddie,filtered on 2/3/21 UTC,3:55,3.92,1,39,39 bottom
108A,K19,TRUE,F3R3,Unknown,FAM-NFQ-MGB,32.88108096,0.907256442,2.512063172,Amp,FALSE,3,28,,NA,2,34.85164706,0.46489245,Yes,,,108,2,23:09,1/03/2021,-64.41682,69.9493,CTD,CTD 39,5,top,-0.04,No,AB,1:40,2A+2B,Maddie,filtered on 2/3/21 UTC,2:31,2.52,1,39,39 top
108A,K7,TRUE,F3R1,Unknown,FAM-NFQ-MGB,31.29313906,0.799856605,2.634707032,Amp,FALSE,3,24,,NA,2,31.95139791,0.239263003,Yes,,,108,2,23:09,1/03/2021,-64.41682,69.9493,CTD,CTD 39,5,top,-0.04,No,AB,1:40,2A+2B,Maddie,filtered on 2/3/21 UTC,2:31,2.52,1,39,39 top
109A,L10,TRUE,F3R1,Unknown,FAM-NFQ-MGB,13.38316311,0.948787084,2.259855689,Inconclusive,FALSE,3,11,,NA,2,NA,0,No,,,109,10,2:42,2/03/2021,-64.566,69.99958,CTD,CTD 40,3300,bottom,-0.13,No,AB,7:38,2A+2B,Christine/Liv,,4:56,4.93,1,40,40 bottom
109A,L22,TRUE,F3R3,Unknown,FAM-NFQ-MGB,Undetermined,0,NA,No Amp,FALSE,3,44,,NA,2,NA,0,No,,,109,10,2:42,2/03/2021,-64.566,69.99958,CTD,CTD 40,3300,bottom,-0.13,No,AB,7:38,2A+2B,Christine/Liv,,4:56,4.93,1,40,40 bottom
110A,K22,TRUE,F3R3,Unknown,FAM-NFQ-MGB,Undetermined,0,NA,No Amp,FALSE,3,44,,NA,2,NA,0,No,,,110,6,,2/03/2021,NA,NA,,MilliQ,,,NA,,AB,7:38,2A+2B,Christine/Liv,,7:38,7.63,1,NA, 
110A,K10,TRUE,F3R1,Unknown,FAM-NFQ-MGB,Undetermined,0,NA,No Amp,FALSE,3,44,,NA,2,NA,0,No,,,110,6,,2/03/2021,NA,NA,,MilliQ,,,NA,,AB,7:38,2A+2B,Christine/Liv,,7:38,7.63,1,NA, 
111A,A19,TRUE,F3R3,Unknown,FAM-NFQ-MGB,Undetermined,0,1.678222083,No Amp,FALSE,3,44,,NA,1,34.68495015,2.38702308,Yes,,,111,4,3:57,2/03/2021,-64.5655,70.00038,CTD,CTD 40,5,top,0.32,No,AB,8:31,2A+2B,Christine/Liv,4.5 L filtered,4:34,4.57,0.9,40,40 top
111A,A7,TRUE,F3R1,Unknown,FAM-NFQ-MGB,24.51777233,0.860555111,2.640735373,Amp,FALSE,3,20,,NA,1,33.84061884,0.048580225,Yes,,,111,4,3:57,2/03/2021,-64.5655,70.00038,CTD,CTD 40,5,top,0.32,No,AB,8:31,2A+2B,Christine/Liv,4.5 L filtered,4:34,4.57,0.9,40,40 top
112A,B22,TRUE,F3R3,Unknown,FAM-NFQ-MGB,Undetermined,0,NA,Inconclusive,FALSE,3,39,,NA,4,NA,0,No,,,112,11,7:14,2/03/2021,-64.76607,70.0005,CTD,CTD 41,3225,bottom,-0.17,No,AB,10:33,2A+2B,Liv,,3:19,3.32,1,41,41 bottom
112A,E7,FALSE,F3R1,Unknown,FAM,Undetermined,0,NA,No Amp,FALSE,3,39,,NA,6,34.79437416,0,No,,,112,11,7:14,2/03/2021,-64.76607,70.0005,CTD,CTD 41,3225,bottom,-0.17,No,AB,10:33,2A+2B,Liv,,3:19,3.32,1,41,41 bottom
113A,F22,TRUE,F3R3,Unknown,FAM-NFQ-MGB,Undetermined,0,1.487755395,No Amp,FALSE,3,44,,NA,2,NA,0,No,,,113,3,9:14,2/03/2021,-64.76575,70.00223,CTD,CTD 41,5,top,-1.00E-04,No,AB,10:33,2A+2B,Liv,4 L filtered in 1 hour,1:19,1.32,0.8,41,41 top
113A,F10,FALSE,F3R1,Unknown,FAM-NFQ-MGB,34.95811959,0.949974328,2.637346404,Amp,FALSE,3,30,,NA,2,35.37144156,0.826643936,Yes,,,113,3,9:14,2/03/2021,-64.76575,70.00223,CTD,CTD 41,5,top,-1.00E-04,No,AB,10:33,2A+2B,Liv,4 L filtered in 1 hour,1:19,1.32,0.8,41,41 top
114A,C1,TRUE,F3R1,Unknown,FAM-NFQ-MGB,14.29267817,0.904138911,2.180399772,Inconclusive,FALSE,3,6,,NA,3,NA,0,No,,,114,10,13:46,2/03/2021,-65.01723,69.99827,CTD,CTD 42,2880,bottom,-0.02,No,AB,17:00,2A+2B,Maddie,,3:14,3.23,1,42,42 bottom
114A,C13,TRUE,F3R3,Unknown,FAM-NFQ-MGB,Undetermined,0,NA,No Amp,FALSE,3,39,,NA,3,NA,0,No,,,114,10,13:46,2/03/2021,-65.01723,69.99827,CTD,CTD 42,2880,bottom,-0.02,No,AB,17:00,2A+2B,Maddie,,3:14,3.23,1,42,42 bottom
115A,B19,FALSE,F3R3,Unknown,FAM-NFQ-MGB,34.23699642,0.933999597,2.54722369,Amp,FALSE,3,28,,NA,2,34.58754284,0.701092847,Yes,,,115,2,15:21,2/03/2021,-65.01688,70.00062,CTD,CTD 42,5,top,-0.37,No,AB,17:00,2A+2B,Maddie,2.5 L filtered in 40 minutes,1:39,1.65,0.5,42,42 top
115A,B7,FALSE,F3R1,Unknown,FAM-NFQ-MGB,32.70539943,0.928980079,2.69614838,Amp,FALSE,3,28,,NA,2,32.85684727,0.311707113,Yes,,,115,2,15:21,2/03/2021,-65.01688,70.00062,CTD,CTD 42,5,top,-0.37,No,AB,17:00,2A+2B,Maddie,2.5 L filtered in 40 minutes,1:39,1.65,0.5,42,42 top
116A,O4,TRUE,F3R1,Unknown,FAM-NFQ-MGB,Undetermined,0,NA,No Amp,FALSE,3,44,,NA,1,37.11745943,0.232707443,Yes,,,116,3,19:52,2/03/2021,-65.33283,69.99967,CTD,CTD 43,2790,bottom,-0.52,No,AB,23:40,2A+2B,Maddie,,3:48,3.8,1,43,43 bottom
116A,O16,TRUE,F3R3,Unknown,FAM-NFQ-MGB,Undetermined,0,1.30615595,No Amp,FALSE,3,44,,NA,1,35.67523579,0,No,,,116,3,19:52,2/03/2021,-65.33283,69.99967,CTD,CTD 43,2790,bottom,-0.52,No,AB,23:40,2A+2B,Maddie,,3:48,3.8,1,43,43 bottom
117A,D16,TRUE,F3R3,Unknown,FAM-NFQ-MGB,Undetermined,0,NA,No Amp,FALSE,3,44,,NA,1,NA,0,No,,,117,6,21:13,2/03/2021,-65.33278,69.99915,CTD,CTD 43,5,top,-0.54,No,AB,23:40,2A+2B,Maddie,,2:27,2.45,1,43,43 top
117A,D4,FALSE,F3R1,Unknown,FAM-NFQ-MGB,37.23611975,0.934636635,2.591294785,Amp,FALSE,3,30,,NA,1,36.80505514,0.862129216,Yes,,,117,6,21:13,2/03/2021,-65.33278,69.99915,CTD,CTD 43,5,top,-0.54,No,AB,23:40,2A+2B,Maddie,,2:27,2.45,1,43,43 top
118A,H7,FALSE,F3R1,Unknown,FAM-NFQ-MGB,37.76804689,0.765469024,2.369003432,Inconclusive,FALSE,3,28,,NA,4,37.27872039,0.978653004,Yes,,,118,10,3:16,3/03/2021,-65.667,69.9995,CTD,CTD 44,2691,bottom,-0.3,No,AB,9:13,2A+2B,Liv,,5:57,5.95,1,44,44 bottom
118A,H19,TRUE,F3R3,Unknown,FAM-NFQ-MGB,37.55605597,0.476539332,2.155631487,Inconclusive,FALSE,3,33,,NA,4,36.18628864,0.677970243,Yes,,,118,10,3:16,3/03/2021,-65.667,69.9995,CTD,CTD 44,2691,bottom,-0.3,No,AB,9:13,2A+2B,Liv,,5:57,5.95,1,44,44 bottom
119A,I4,TRUE,F3R1,Unknown,FAM-NFQ-MGB,35.1847399,0.974448023,2.573140927,Amp,FALSE,3,26,,NA,1,33.61969149,0.815238593,Yes,,,119,11,4:38,3/03/2021,-65.66667,70.00133,CTD,CTD 44,5,top,-0.7,No,AB,9:13,2A+2B,Liv,,4:35,4.58,1,44,44 top
119A,I16,TRUE,F3R3,Unknown,FAM-NFQ-MGB,34.70498957,0.914086428,2.449689064,Amp,FALSE,3,28,,NA,1,36.63107024,0.552026311,Yes,,,119,11,4:38,3/03/2021,-65.66667,70.00133,CTD,CTD 44,5,top,-0.7,No,AB,9:13,2A+2B,Liv,,4:35,4.58,1,44,44 top
120A,L1,TRUE,F3R1,Unknown,FAM-NFQ-MGB,Undetermined,0,NA,No Amp,FALSE,3,39,,NA,3,NA,0,No,,,120,2,,3/03/2021,NA,NA,,MilliQ,,,NA,,AB,12:57,2A+2B,Liv,,12:57,12.95,1,NA, 
120A,L13,TRUE,F3R3,Unknown,FAM-NFQ-MGB,Undetermined,0,NA,No Amp,FALSE,3,39,,NA,3,NA,0,No,,,120,2,,3/03/2021,NA,NA,,MilliQ,,,NA,,AB,12:57,2A+2B,Liv,,12:57,12.95,1,NA, 
121A,C7,FALSE,F3R1,Unknown,FAM,34.21636313,0.550077376,2.651769161,Amp,FALSE,3,27,,NA,6,33.68573133,1.05603363,Yes,,,121,1,10:10,3/03/2021,-65.91783,69.99233,CTD,CTD 45,2489,bottom,-0.35,No,AB,13:33,2A+2B,Liv,,3:23,3.38,1,45,45 bottom
121A,K7,FALSE,F3R3,Unknown,FAM,Undetermined,0,NA,No Amp,FALSE,3,39,,NA,6,36.28636628,1.334021579,Yes,,,121,1,10:10,3/03/2021,-65.91783,69.99233,CTD,CTD 45,2489,bottom,-0.35,No,AB,13:33,2A+2B,Liv,,3:23,3.38,1,45,45 bottom
122A,F4,TRUE,F3R1,Unknown,FAM-NFQ-MGB,31.9706528,0.975444812,2.672368954,Amp,FALSE,3,26,,NA,1,32.59004223,0.275650465,Yes,,,122,7,11:33,3/03/2021,-65.91767,69.99233,CTD,CTD 45,12,top,-0.75,No,AB,12:54,2A+2B,Liv,4L filtered in 50 mins,1:21,1.35,0.8,45,45 top
122A,F16,FALSE,F3R3,Unknown,FAM-NFQ-MGB,32.92582914,0.937637043,2.534350032,Amp,FALSE,3,26,,NA,1,32.93242702,0.01319576,Yes,,,122,7,11:33,3/03/2021,-65.91767,69.99233,CTD,CTD 45,12,top,-0.75,No,AB,12:54,2A+2B,Liv,4L filtered in 50 mins,1:21,1.35,0.8,45,45 top
123A,D1,TRUE,F3R1,Unknown,FAM-NFQ-MGB,Undetermined,0,1.584337345,No Amp,FALSE,3,39,,NA,3,35.5083237,1.168128362,Yes,,,123,6,14:43,3/03/2021,-66.07045,70.0009,CTD,CTD 46,2437,bottom,-0.74,No,AB,17:07,2A+2B,Maddie/Jess,,2:24,2.4,1,46,46 bottom
123A,D13,TRUE,F3R3,Unknown,FAM-NFQ-MGB,Undetermined,0,1.561257688,No Amp,FALSE,3,39,,NA,3,NA,0,No,,,123,6,14:43,3/03/2021,-66.07045,70.0009,CTD,CTD 46,2437,bottom,-0.74,No,AB,17:07,2A+2B,Maddie/Jess,,2:24,2.4,1,46,46 bottom
124A,A13,FALSE,F3R3,Unknown,FAM-NFQ-MGB,34.56429552,0.920061041,2.582602357,Amp,FALSE,3,29,,NA,1,34.87888111,0.706401127,Yes,,,124,3,16:07,3/03/2021,-66.07165,69.99328,CTD,CTD 46,10,top,-0.75,No,AB,17:07,2A+2B,Maddie/Jess,3.5L filtered in 50 mins,1:00,1,0.7,46,46 top
124A,A1,FALSE,F3R1,Unknown,FAM-NFQ-MGB,33.38760595,0.956569726,2.675744663,Amp,FALSE,3,28,,NA,1,33.28028666,0.214638581,Yes,,,124,3,16:07,3/03/2021,-66.07165,69.99328,CTD,CTD 46,10,top,-0.75,No,AB,17:07,2A+2B,Maddie/Jess,3.5L filtered in 50 mins,1:00,1,0.7,46,46 top
125A,O1,TRUE,F3R1,Unknown,FAM-NFQ-MGB,Undetermined,0,NA,No Amp,FALSE,3,44,,NA,1,NA,0,No,,,125,1,2:40,5/03/2021,-67.99742,74.99333,CTD,CTD 47,480,bottom,-1.88,Yes,AB,17:30,2A+2B,Maddie,Ice present,14:50,14.83,1,47,47 bottom
125A,O13,TRUE,F3R3,Unknown,FAM-NFQ-MGB,Undetermined,0,NA,No Amp,FALSE,3,44,,NA,1,NA,0,No,,,125,1,2:40,5/03/2021,-67.99742,74.99333,CTD,CTD 47,480,bottom,-1.88,Yes,AB,17:30,2A+2B,Maddie,Ice present,14:50,14.83,1,47,47 bottom
126A,A1,TRUE,F3R1,Unknown,FAM-NFQ-MGB,Undetermined,0,NA,No Amp,FALSE,3,35,,NA,2,35.57784858,1.22634465,Yes,,,126,10,3:04,5/03/2021,-67.99422,74.99377,CTD,CTD 47,5,top,-1.19,Yes,AB,17:30,2A+2B,Maddie,"Ice present, 4.5 L filtered",14:26,14.43,0.9,47,47 top
126A,A13,FALSE,F3R3,Unknown,FAM-NFQ-MGB,Undetermined,0,NA,No Amp,FALSE,3,44,,NA,2,36.04176111,0.395550846,Yes,,,126,10,3:04,5/03/2021,-67.99422,74.99377,CTD,CTD 47,5,top,-1.19,Yes,AB,17:30,2A+2B,Maddie,"Ice present, 4.5 L filtered",14:26,14.43,0.9,47,47 top
127A,I22,FALSE,F3R3,Unknown,FAM-NFQ-MGB,35.84085021,0.907442785,2.455994549,Amp,FALSE,3,30,,NA,2,36.34729748,1.012894529,Yes,,,127,4,9:08,5/03/2021,-67.674,74.64737,CTD,CTD 48,473,bottom,-1.89,Yes,AB,18:20,2A+2B,Maddie,Ice present,9:12,9.2,1,48,48 bottom
127A,I10,FALSE,F3R1,Unknown,FAM-NFQ-MGB,33.55601913,0.972051702,2.630059108,Amp,FALSE,3,29,,NA,2,33.64094528,0.169852306,Yes,,,127,4,9:08,5/03/2021,-67.674,74.64737,CTD,CTD 48,473,bottom,-1.89,Yes,AB,18:20,2A+2B,Maddie,Ice present,9:12,9.2,1,48,48 bottom
128A,I1,TRUE,F3R1,Unknown,FAM-NFQ-MGB,36.34618227,0.932334985,2.431449013,Inconclusive,FALSE,3,30,,NA,3,36.34618227,0,No,,,128,11,9:39,5/03/2021,-67.67687,74.64172,CTD,CTD 48,5,top,-1.11,Yes,AB,18:20,2A+2B,Maddie,"Ice present, 3 L",8:41,8.68,0.6,48,48 top
128A,I13,TRUE,F3R3,Unknown,FAM-NFQ-MGB,Undetermined,0,NA,No Amp,FALSE,3,39,,NA,3,NA,0,No,,,128,11,9:39,5/03/2021,-67.67687,74.64172,CTD,CTD 48,5,top,-1.11,Yes,AB,18:20,2A+2B,Maddie,"Ice present, 3 L",8:41,8.68,0.6,48,48 top
129A,P19,TRUE,F3R3,Unknown,FAM-NFQ-MGB,Undetermined,0,NA,No Amp,FALSE,3,44,,NA,2,35.96555998,0.199890603,Yes,,,129,2,15:10,5/03/2021,-67.3339,74.5898,CTD,CTD 49,5,top,-0.98,Yes,AB,18:50,2A+2B,Maddie,"Ice present, filter dropped but onto bleached/milliQ'd surface",3:40,3.67,1,49,49 top
129A,F1,FALSE,F3R1,Unknown,FAM-NFQ-MGB,36.66536494,0.960677055,2.63075689,Amp,FALSE,3,29,,NA,5,36.53608992,0.258550042,Yes,,,129,2,15:10,5/03/2021,-67.3339,74.5898,CTD,CTD 49,5,top,-0.98,Yes,AB,18:50,2A+2B,Maddie,"Ice present, filter dropped but onto bleached/milliQ'd surface",3:40,3.67,1,49,49 top
130A,M13,TRUE,F3R3,Unknown,FAM-NFQ-MGB,Undetermined,0,NA,No Amp,FALSE,3,39,,NA,3,NA,0,No,,,130,7,,5/03/2021,NA,NA,,MilliQ,,,NA,,AB,18:50,2A+2B,Maddie,,18:50,18.83,1,NA, 
130A,M1,TRUE,F3R1,Unknown,FAM-NFQ-MGB,Undetermined,0,NA,No Amp,FALSE,3,39,,NA,3,NA,0,No,,,130,7,,5/03/2021,NA,NA,,MilliQ,,,NA,,AB,18:50,2A+2B,Maddie,,18:50,18.83,1,NA, 
131A,K16,TRUE,F3R3,Unknown,FAM-NFQ-MGB,Undetermined,0,NA,No Amp,FALSE,3,44,,NA,2,NA,0,No,,,131,8,14:12,5/03/2021,-67.33237,74.59232,CTD,CTD 49,445,bottom,-1.87,Yes,AB,19:20,2A+2B,Maddie,"Ice present, filter dropped but onto bleached/milliQ'd surface",5:08,5.13,1,49,49 bottom
131A,K4,FALSE,F3R1,Unknown,FAM-NFQ-MGB,34.24106019,0.981818197,2.664867075,Amp,FALSE,3,30,,NA,2,34.73677069,0.991421015,Yes,,,131,8,14:12,5/03/2021,-67.33237,74.59232,CTD,CTD 49,445,bottom,-1.87,Yes,AB,19:20,2A+2B,Maddie,"Ice present, filter dropped but onto bleached/milliQ'd surface",5:08,5.13,1,49,49 bottom
132A,A7,FALSE,F3R3,Unknown,FAM-NFQ-MGB,30.69059886,0.843066036,2.580887435,Amp,FALSE,3,26,,NA,5,30.63774485,0.105708018,Yes,,,132,3,1:15,6/03/2021,-66.95377,75.0081,CTD,CTD 50,381,bottom,-0.92,No,AB,5:15,2A+2B,Jez/Dez,No sea ice but bergy bits,4:00,4,1,50,50 bottom
132A,M10,FALSE,F3R1,Unknown,FAM-NFQ-MGB,29.99407179,0.820018576,2.643837964,Amp,FALSE,3,25,,NA,3,30.12549958,0.381895197,Yes,,,132,3,1:15,6/03/2021,-66.95377,75.0081,CTD,CTD 50,381,bottom,-0.92,No,AB,5:15,2A+2B,Jez/Dez,No sea ice but bergy bits,4:00,4,1,50,50 bottom
133A,D4,FALSE,F3R3,Unknown,FAM-NFQ-MGB,36.24474678,0.923594758,2.471281817,Amp,FALSE,3,31,,NA,5,35.92698687,0.635519817,Yes,,,133,6,1:45,6/03/2021,-66.95265,75.0055,CTD,CTD 50,5,top,-0.44,No,AB,5:15,2A+2B,Jez/Dez,No sea ice but bergy bits,3:30,3.5,1,50,50 top
133A,G4,FALSE,F3R1,Unknown,FAM-NFQ-MGB,34.25812812,0.950783381,2.582632877,Amp,FALSE,3,30,,NA,2,33.95525736,0.70781655,Yes,,,133,6,1:45,6/03/2021,-66.95265,75.0055,CTD,CTD 50,5,top,-0.44,No,AB,5:15,2A+2B,Jez/Dez,No sea ice but bergy bits,3:30,3.5,1,50,50 top
134A,J1,FALSE,F3R1,Unknown,FAM-NFQ-MGB,34.07973008,0.984233138,2.700886505,Amp,FALSE,3,28,,NA,1,34.41143722,0.522791316,Yes,,,134,2,5:10,6/03/2021,-66.80133,75.00278,CTD,CTD 51,1754,bottom,-0.1,No,AB,7:46,2A+2B,Jez/Dez,,2:36,2.6,1,51,51 bottom
134A,J13,FALSE,F3R3,Unknown,FAM-NFQ-MGB,37.36697163,0.708703392,2.568538191,Amp,FALSE,3,32,,NA,1,36.7358625,1.262218268,Yes,,,134,2,5:10,6/03/2021,-66.80133,75.00278,CTD,CTD 51,1754,bottom,-0.1,No,AB,7:46,2A+2B,Jez/Dez,,2:36,2.6,1,51,51 bottom
135A,N13,FALSE,F3R3,Unknown,FAM-NFQ-MGB,33.61483747,0.938289481,2.506193624,Amp,FALSE,3,29,,NA,2,34.09652923,0.963383513,Yes,,,135,7,6:26,6/03/2021,-66.79658,74.99742,CTD,CTD 51,5,top,-0.5,No,AB,7:46,2A+2B,Jez/Dez,,1:20,1.33,1,51,51 top
135A,E1,FALSE,F3R1,Unknown,FAM-NFQ-MGB,35.07667915,0.965332466,2.627535893,Amp,FALSE,3,27,,NA,5,34.69517573,0.726763088,Yes,,,135,7,6:26,6/03/2021,-66.79658,74.99742,CTD,CTD 51,5,top,-0.5,No,AB,7:46,2A+2B,Jez/Dez,,1:20,1.33,1,51,51 top
136A,H4,TRUE,F3R1,Unknown,FAM-NFQ-MGB,Undetermined,0,NA,No Amp,FALSE,3,39,,NA,4,NA,0,No,,,136,10,12:17,6/03/2021,-66.65215,74.99828,CTD,CTD 52,2147,bottom,-0.02,No,AB,15:34,2A+2B,Christine,,3:17,3.28,1,52,52 bottom
136A,H16,TRUE,F3R3,Unknown,FAM-NFQ-MGB,Undetermined,0,NA,No Amp,FALSE,3,39,,NA,4,NA,0,No,,,136,10,12:17,6/03/2021,-66.65215,74.99828,CTD,CTD 52,2147,bottom,-0.02,No,AB,15:34,2A+2B,Christine,,3:17,3.28,1,52,52 bottom
137A,G13,TRUE,F3R3,Unknown,FAM-NFQ-MGB,Undetermined,0,NA,No Amp,FALSE,3,39,,NA,3,NA,0,No,,,137,1,13:33,6/03/2021,-66.64993,75.00143,CTD,CTD 52,5,top,-0.43,No,AB,15:34,2A+2B,Christine,3L filtered,2:01,2.02,0.6,52,52 top
137A,G1,FALSE,F3R1,Unknown,FAM-NFQ-MGB,36.41294054,0.916333123,2.380230061,Inconclusive,FALSE,3,29,,NA,3,36.16679263,0.492295814,Yes,,,137,1,13:33,6/03/2021,-66.64993,75.00143,CTD,CTD 52,5,top,-0.43,No,AB,15:34,2A+2B,Christine,3L filtered,2:01,2.02,0.6,52,52 top
138A,C10,TRUE,F3R1,Unknown,FAM-NFQ-MGB,Undetermined,0,NA,No Amp,FALSE,3,39,,NA,4,35.26193894,1.443677846,Yes,,,138,6,16:17,6/03/2021,-66.49977,75.0024,CTD,CTD 53,2430,bottom,-0.096,No,AB,0:30,2A+2B,Jez,left out of freezer for nearly 24 hours,8:13,8.22,1,53,53 bottom
138A,C22,TRUE,F3R3,Unknown,FAM-NFQ-MGB,Undetermined,0,NA,No Amp,FALSE,3,39,,NA,4,NA,0,No,,,138,6,16:17,6/03/2021,-66.49977,75.0024,CTD,CTD 53,2430,bottom,-0.096,No,AB,0:30,2A+2B,Jez,left out of freezer for nearly 24 hours,8:13,8.22,1,53,53 bottom
139A,O1,TRUE,F3R1,Unknown,FAM-NFQ-MGB,Undetermined,0,NA,No Amp,FALSE,3,39,,NA,3,NA,0,No,,,139,11,17:25,6/03/2021,-66.49948,75.00257,CTD,CTD 53,5,top,-0.48,No,AB,0:30,2A+2B,Jez,"4.5L filtered in 1 hour, left out of freezer for nearly 24 hour, sorry!",7:05,7.08,0.9,53,53 top
139A,O13,TRUE,F3R3,Unknown,FAM-NFQ-MGB,Undetermined,0,NA,No Amp,FALSE,3,39,,NA,3,NA,0,No,,,139,11,17:25,6/03/2021,-66.49948,75.00257,CTD,CTD 53,5,top,-0.48,No,AB,0:30,2A+2B,Jez,"4.5L filtered in 1 hour, left out of freezer for nearly 24 hour, sorry!",7:05,7.08,0.9,53,53 top
140A,K1,TRUE,F3R1,Unknown,FAM-NFQ-MGB,Undetermined,0,1.559772276,No Amp,FALSE,3,44,,NA,2,NA,0,No,,,140,10,,?,NA,NA,,MilliQ,,,NA,,AB,22:00,2A+2B,AK/SB,,22:00,22,1,NA, 
140A,K13,TRUE,F3R3,Unknown,FAM-NFQ-MGB,Undetermined,0,NA,No Amp,FALSE,3,44,,NA,2,NA,0,No,,,140,10,,?,NA,NA,,MilliQ,,,NA,,AB,22:00,2A+2B,AK/SB,,22:00,22,1,NA, 
141A,B4,FALSE,F3R1,Unknown,FAM,35.40310985,0.539592985,2.668672903,Amp,FALSE,3,28,,NA,6,34.86673465,1.289942879,Yes,,,141,7,3:37,7/03/2021,-65.99946,75.00157,CTD,CTD 54,3034,bottom,-0.12,No,AB,22:00,2A+2B,AK/SB,,18:23,18.38,1,54,54 bottom
141A,F13,TRUE,F3R3,Unknown,FAM-NFQ-MGB,Undetermined,0,NA,No Amp,FALSE,3,39,,NA,3,NA,0,No,,,141,7,3:37,7/03/2021,-65.99946,75.00157,CTD,CTD 54,3034,bottom,-0.12,No,AB,22:00,2A+2B,AK/SB,,18:23,18.38,1,54,54 bottom
142A,E10,TRUE,F3R1,Unknown,FAM-NFQ-MGB,Undetermined,0,1.013595143,No Amp,FALSE,3,39,,NA,4,35.67030054,1.286718832,Yes,,,142,2,5:19,7/03/2021,-66.00067,75.00082,CTD,CTD 54,5,top,-0.14,No,AB,0:15,2A+2B,AK/SB,,18:56,18.93,1,54,54 top
142A,E22,TRUE,F3R3,Unknown,FAM-NFQ-MGB,Undetermined,0,NA,No Amp,FALSE,3,39,,NA,4,34.45130715,0,No,,,142,2,5:19,7/03/2021,-66.00067,75.00082,CTD,CTD 54,5,top,-0.14,No,AB,0:15,2A+2B,AK/SB,,18:56,18.93,1,54,54 top
143A,C4,TRUE,F3R1,Unknown,FAM-NFQ-MGB,36.58334514,0.782618192,2.676306641,Amp,FALSE,3,30,,NA,1,36.58334514,0,No,,,143,3,15:06,7/03/2021,-65.00145,74.99887,CTD,CTD 55,3219,bottom,-0.11,No,AB,0:15,2A+2B,AK/SB,,9:09,9.15,1,55,55 bottom
143A,C16,TRUE,F3R3,Unknown,FAM-NFQ-MGB,Undetermined,0,NA,No Amp,FALSE,3,44,,NA,1,35.38361745,0,No,,,143,3,15:06,7/03/2021,-65.00145,74.99887,CTD,CTD 55,3219,bottom,-0.11,No,AB,0:15,2A+2B,AK/SB,,9:09,9.15,1,55,55 bottom
144A,H13,TRUE,F3R3,Unknown,FAM-NFQ-MGB,35.94585342,0.742612185,2.044810172,Inconclusive,FALSE,3,30,,NA,3,36.29371811,0.695729389,Yes,,,144,1,16:31,7/03/2021,-65.0011,74.99887,CTD,CTD 55,5,top,0.37,No,AB,1:50,2A+2B,Jess,,9:19,9.32,1,55,55 top
144A,G1,FALSE,F3R1,Unknown,FAM-NFQ-MGB,38.10880946,0.971779486,2.651809115,Amp,FALSE,3,30,,NA,5,37.62759553,0.962427846,Yes,,,144,1,16:31,7/03/2021,-65.0011,74.99887,CTD,CTD 55,5,top,0.37,No,AB,1:50,2A+2B,Jess,,9:19,9.32,1,55,55 top
145A,E10,FALSE,F3R1,Unknown,FAM-NFQ-MGB,21.97852584,0.75665963,2.694125957,Amp,FALSE,3,16,,NA,1,21.99360894,0.0301662,Yes,,,145,10,22:09,8/03/2021,-62.9955,76.17317,Target trawl,TT 15,surface,,1.13,No,AB,1:25,2A+2B,Derek,in swarm,3:16,3.27,1,NA, 
145A,E22,FALSE,F3R3,Unknown,FAM-NFQ-MGB,21.69417586,0.723711402,2.5952656,Amp,FALSE,3,17,,NA,1,21.6716851,0.044981532,Yes,,,145,10,22:09,8/03/2021,-62.9955,76.17317,Target trawl,TT 15,surface,,1.13,No,AB,1:25,2A+2B,Derek,in swarm,3:16,3.27,1,NA, 
146A,E7,TRUE,F3R1,Unknown,FAM-NFQ-MGB,26.41223859,0.75548319,2.652818913,Amp,FALSE,3,22,,NA,2,26.0356955,0.75308618,Yes,Repeated wrong sample - leaving in despite larger  than 0.5 CT difference?,,146,11,22:37,8/03/2021,-62.99167,76.18867,Target trawl,TT 15,surface,,1.12,No,AB,1:25,2A+2B,Derek,in swarm,2:48:00 AM,2.8,1,NA, 
146A,E19,FALSE,F3R3,Unknown,FAM-NFQ-MGB,26.9216624,0.779465815,2.550282972,Amp,FALSE,3,22,,NA,2,27.09596603,0.263923951,Yes,,,146,11,22:37,8/03/2021,-62.99167,76.18867,Target trawl,TT 15,surface,,1.12,No,AB,1:25,2A+2B,Derek,in swarm,2:48:00 AM,2.8,1,NA, 
147A,G22,TRUE,F3R3,Unknown,FAM-NFQ-MGB,27.41121487,0.801611926,2.598423476,Amp,FALSE,3,24,,NA,1,28.13392784,0.113332907,Yes,,,147,3,22:42,8/03/2021,-62.99133,76.18367,Target trawl,TT 15,surface,,1.12,No,AB,2:20,2A+2B,Derek,immediately after swarm. Very slow. --> replaced broken hose clamp on suction side half way through. Only 3.5 L pumped,3:38,3.63,0.7,NA, 
147A,G10,TRUE,F3R1,Unknown,FAM-NFQ-MGB,28.94725653,0.806968752,2.671395005,Amp,FALSE,3,22,,NA,1,27.8504001,0.300333009,Yes,,,147,3,22:42,8/03/2021,-62.99133,76.18367,Target trawl,TT 15,surface,,1.12,No,AB,2:20,2A+2B,Derek,immediately after swarm. Very slow. --> replaced broken hose clamp on suction side half way through. Only 3.5 L pumped,3:38,3.63,0.7,NA, 
148A,K1,FALSE,F3R1,Unknown,FAM-NFQ-MGB,27.58089181,0.979624616,2.673903738,Amp,FALSE,3,21,,NA,1,27.63795233,0.146718662,Yes,,,148,6,22:47,8/03/2021,-62.99083,76.17717,Target trawl,TT 15,surface,,1.12,No,AB,2:20,2A+2B,Derek,after swarm,3:33,3.55,1,NA, 
148A,K13,FALSE,F3R3,Unknown,FAM-NFQ-MGB,27.56006605,0.831771637,2.567335534,Amp,FALSE,3,24,,NA,1,27.52055704,0.063920655,Yes,,,148,6,22:47,8/03/2021,-62.99083,76.17717,Target trawl,TT 15,surface,,1.12,No,AB,2:20,2A+2B,Derek,after swarm,3:33,3.55,1,NA, 
149A,L7,FALSE,F3R1,Unknown,FAM-NFQ-MGB,27.34016127,0.99042274,2.680322219,Amp,FALSE,3,21,,NA,1,27.48637435,0.31781344,Yes,,,149,7,22:52,8/03/2021,-62.99033,76.1695,Target trawl,TT 15,surface,,1.14,No,AB,4:45,2A+2B,Derek,after swarm,5:53,5.88,1,NA, 
149A,L19,FALSE,F3R3,Unknown,FAM-NFQ-MGB,27.39710044,0.852226155,2.57411507,Amp,FALSE,3,22,,NA,1,27.40705613,0.044148501,Yes,,,149,7,22:52,8/03/2021,-62.99033,76.1695,Target trawl,TT 15,surface,,1.14,No,AB,4:45,2A+2B,Derek,after swarm,5:53,5.88,1,NA, 
151A,H10,FALSE,F3R1,Unknown,FAM-NFQ-MGB,28.40815844,0.971528253,2.662192067,Amp,FALSE,3,22,,NA,3,28.42182808,0.439623506,Yes,,,151,2,22:57,8/03/2021,-62.98983,76.16233,Target trawl,TT 15,surface,,1.14,No,AB,4:45,2A+2B,Derek,after swarm,5:48,5.8,1,NA, 
151A,H22,FALSE,F3R3,Unknown,FAM-NFQ-MGB,26.9147534,0.641259016,2.546023715,Amp,FALSE,3,23,,NA,3,26.70050727,0.428492275,Yes,,,151,2,22:57,8/03/2021,-62.98983,76.16233,Target trawl,TT 15,surface,,1.14,No,AB,4:45,2A+2B,Derek,after swarm,5:48,5.8,1,NA, 
152A,C4,FALSE,F3R1,Unknown,FAM,Undetermined,0,NA,No Amp,FALSE,3,39,,NA,6,36.99018655,2.372537142,Yes,"If conf-ints are taken into account, meets criteria.",,152,10,7:40,9/03/2021,-63.02047,76.18385,CTD,CTD 59,100,low,0.9,No,AB,11:04,2A+2B,Christine/Liv,krill swarm CTD,3:24,3.4,1,59,59 low
152A,G19,TRUE,F3R3,Unknown,FAM-NFQ-MGB,Undetermined,0,NA,No Amp,FALSE,3,44,,NA,1,NA,0,No,,,152,10,7:40,9/03/2021,-63.02047,76.18385,CTD,CTD 59,100,low,0.9,No,AB,11:04,2A+2B,Christine/Liv,krill swarm CTD,3:24,3.4,1,59,59 low
153A,D1,FALSE,F3R1,Unknown,FAM-NFQ-MGB,34.24773608,0.955731446,2.653877931,Amp,FALSE,3,31,,NA,5,34.93545103,1.375429897,Yes,,,153,4,7:49,9/03/2021,-63.02028,76.18392,CTD,CTD 59,45,medium,0.8,No,AB,10:20,2A+2B,Christine/Liv,krill swarm CTD,2:31,2.52,1,59,59 medium
153A,G4,FALSE,F3R3,Unknown,FAM-NFQ-MGB,35.56213027,0.958199124,2.525437363,Amp,FALSE,3,30,,NA,5,36.00477135,1.240495422,Yes,,,153,4,7:49,9/03/2021,-63.02028,76.18392,CTD,CTD 59,45,medium,0.8,No,AB,10:20,2A+2B,Christine/Liv,krill swarm CTD,2:31,2.52,1,59,59 medium
154A,A16,FALSE,F3R1,Unknown,FAM,Undetermined,0,NA,No Amp,FALSE,3,39,,NA,6,34.48625502,0,No,,,154,1,7:57,9/03/2021,-63.02035,76.1839,CTD,CTD 59,5,top,0.91,No,AB,10:20,2A+2B,Christine/Liv,krill swarm CTD,2:23,2.38,1,59,59 top
154A,C19,TRUE,F3R3,Unknown,FAM-NFQ-MGB,35.82934605,0.969410888,2.340178736,Amp,FALSE,3,28,,NA,4,36.68313501,1.707577925,Yes,"If conf-ints are taken into account, meets criteria.",,154,1,7:57,9/03/2021,-63.02035,76.1839,CTD,CTD 59,5,top,0.91,No,AB,10:20,2A+2B,Christine/Liv,krill swarm CTD,2:23,2.38,1,59,59 top
155A,L16,TRUE,F3R3,Unknown,FAM-NFQ-MGB,28.59494213,0.828987648,2.540016103,Amp,FALSE,3,22,,NA,2,28.97848366,0.256266037,Yes,,,155,4,0:22,10/03/2021,-62.99933,79.781,Target trawl,TT 18,surface2,,1.16,No,AB,5:48,2A+2B,Derek,,5:26,5.43,1,NA, 
155A,L4,FALSE,F3R1,Unknown,FAM-NFQ-MGB,28.16110202,0.826670902,2.637004701,Amp,FALSE,3,22,,NA,2,28.40745395,0.492703861,Yes,,,155,4,0:22,10/03/2021,-62.99933,79.781,Target trawl,TT 18,surface2,,1.16,No,AB,5:48,2A+2B,Derek,,5:26,5.43,1,NA, 
156A,M4,FALSE,F3R1,Unknown,FAM-NFQ-MGB,27.21154613,0.75866758,2.648419406,Amp,FALSE,3,22,,NA,2,27.36318083,0.290802246,Yes,,,156,2,23:49,10/03/2021,-62.99967,79.78083,Target trawl,TT 18,surface,,1.17,No,AB,2:01,2A+2B,Derek,,2:12,2.2,1,NA, 
156A,M16,FALSE,F3R3,Unknown,FAM-NFQ-MGB,28.49756218,0.82671561,2.568655317,Amp,FALSE,3,22,,NA,2,28.54345257,0.190670183,Yes,,,156,2,23:49,10/03/2021,-62.99967,79.78083,Target trawl,TT 18,surface,,1.17,No,AB,2:01,2A+2B,Derek,,2:12,2.2,1,NA, 
157A,A4,TRUE,F3R3,Unknown,FAM-NFQ-MGB,32.77877289,0.954598932,2.589684299,Amp,FALSE,3,28,,NA,5,31.79183856,0.337120216,Yes,,,157,1,23:56,10/03/2021,-62.99783,79.775,Target trawl,TT 18,surface,,1.16,No,AB,2:47,2A+2B,Derek,,2:51,2.85,1,NA, 
157A,F1,FALSE,F3R1,Unknown,FAM-NFQ-MGB,30.43663186,0.973729914,2.69746737,Amp,FALSE,3,25,,NA,1,30.5919666,0.301920582,Yes,,,157,1,23:56,10/03/2021,-62.99783,79.775,Target trawl,TT 18,surface,,1.16,No,AB,2:47,2A+2B,Derek,,2:51,2.85,1,NA, 
158A,C4,FALSE,F3R1,Unknown,FAM-NFQ-MGB,31.12506584,0.723974372,2.640703889,Amp,FALSE,3,26,,NA,4,31.13257007,0.297802967,Yes,,,158,7,0:03,10/03/2021,-62.996,79.76867,Target trawl,TT 18,surface,,1.17,No,AB,2:47,2A+2B,Derek,,2:44,2.73,1,NA, 
158A,C16,FALSE,F3R3,Unknown,FAM-NFQ-MGB,30.94339371,0.970840801,2.56422715,Amp,FALSE,3,25,,NA,4,31.1412434,0.395699375,Yes,,,158,7,0:03,10/03/2021,-62.996,79.76867,Target trawl,TT 18,surface,,1.17,No,AB,2:47,2A+2B,Derek,,2:44,2.73,1,NA, 
159A,F22,FALSE,F3R3,Unknown,FAM-NFQ-MGB,30.36137599,0.983013718,2.593632625,Amp,FALSE,3,26,,NA,4,30.14124706,0.49522681,Yes,,,159,3,0:15,10/03/2021,-62.998,79.78267,Target trawl,TT 18,surface,,1.16,No,AB,5:48,2A+2B,Derek,,5:33,5.55,1,NA, 
159A,F10,FALSE,F3R1,Unknown,FAM-NFQ-MGB,29.66701859,0.987862923,2.667116405,Amp,FALSE,3,21,,NA,4,29.69490737,0.107403983,Yes,,,159,3,0:15,10/03/2021,-62.998,79.78267,Target trawl,TT 18,surface,,1.16,No,AB,5:48,2A+2B,Derek,,5:33,5.55,1,NA, 
161A,E4,FALSE,F3R1,Unknown,FAM-NFQ-MGB,29.8841759,0.846790219,2.671056383,Amp,FALSE,3,25,,NA,3,29.67001359,0.428324634,Yes,,,161,1,23:42,10/03/2021,-63,79.78817,Target trawl,TT 18,surface,,1.16,No,AB,2:01,2A+2B,Derek,,2:19,2.32,1,NA, 
161A,J4,FALSE,F3R3,Unknown,FAM-NFQ-MGB,29.78019601,0.98239338,2.582328057,Amp,FALSE,3,25,,NA,5,29.87205114,0.263549159,Yes,,,161,1,23:42,10/03/2021,-63,79.78817,Target trawl,TT 18,surface,,1.16,No,AB,2:01,2A+2B,Derek,,2:19,2.32,1,NA, 
163A,B16,FALSE,F3R3,Unknown,FAM-NFQ-MGB,36.77108866,0.865725751,2.241817659,Inconclusive,FALSE,3,30,,NA,4,36.73634041,0.069496511,Yes,,,163,4,16:26,10/03/2021,-63.75318,79.99693,CTD,CTD 61,5,top,0.72,No,AB,18:30,2A+2B,Maddie,,2:04,2.07,1,61,61 top
163A,B4,FALSE,F3R1,Unknown,FAM-NFQ-MGB,36.99138302,0.963889232,2.35567584,Inconclusive,FALSE,3,31,,NA,4,36.34107792,1.300610196,Yes,,,163,4,16:26,10/03/2021,-63.75318,79.99693,CTD,CTD 61,5,top,0.72,No,AB,18:30,2A+2B,Maddie,,2:04,2.07,1,61,61 top
164A,F7,TRUE,F3R1,Unknown,FAM-NFQ-MGB,Undetermined,0,1.093330311,No Amp,FALSE,3,44,,NA,1,NA,0,No,,,164,2,23:37,10/03/2021,-64.2549,79.99658,CTD,CTD 62,3680,bottom,-0.273,No,AB,2:30,2A+2B,Maddie,,2:53,2.88,1,62,62 bottom
164A,F19,TRUE,F3R3,Unknown,FAM-NFQ-MGB,Undetermined,0,1.761751298,No Amp,FALSE,3,44,,NA,1,NA,0,No,,,164,2,23:37,10/03/2021,-64.2549,79.99658,CTD,CTD 62,3680,bottom,-0.273,No,AB,2:30,2A+2B,Maddie,,2:53,2.88,1,62,62 bottom
165A,D10,FALSE,F3R1,Unknown,FAM-NFQ-MGB,36.8320366,0.948178647,2.36226718,Inconclusive,FALSE,3,30,,NA,3,36.36820983,0.927653542,Yes,,,165,7,0:59,11/03/2021,-64.25692,79.9981,CTD,CTD 62,5,top,0.624,No,AB,2:30,2A+2B,Maddie,,1:31,1.52,1,62,62 top
165A,D22,TRUE,F3R3,Unknown,FAM-NFQ-MGB,34.66441694,0.5127854,2.259964116,Inconclusive,FALSE,3,30,,NA,3,34.66441694,0,No,,,165,7,0:59,11/03/2021,-64.25692,79.9981,CTD,CTD 62,5,top,0.624,No,AB,2:30,2A+2B,Maddie,,1:31,1.52,1,62,62 top
166A,H4,TRUE,F3R1,Unknown,FAM-NFQ-MGB,Undetermined,0,NA,No Amp,FALSE,3,44,,NA,1,NA,0,No,,,166,3,6:10,11/03/2021,-64.58468,79.9995,CTD,CTD 63,3597,bottom,-0.08,No,AB,12:25,2A+2B,Liv/Christine,,6:15,6.25,1,63,63 bottom
166A,H16,TRUE,F3R3,Unknown,FAM-NFQ-MGB,Undetermined,0,NA,No Amp,FALSE,3,44,,NA,1,NA,0,No,,,166,3,6:10,11/03/2021,-64.58468,79.9995,CTD,CTD 63,3597,bottom,-0.08,No,AB,12:25,2A+2B,Liv/Christine,,6:15,6.25,1,63,63 bottom
167A,F7,TRUE,F3R1,Unknown,FAM-NFQ-MGB,Undetermined,0,NA,No Amp,FALSE,3,39,,NA,4,NA,0,No,,,167,1,8:09,11/03/2021,-64.58583,79.9971,CTD,CTD 63,5,top,0.66,No,AB,12:25,2A+2B,Liv/Christine,,4:16,4.27,1,63,63 top
167A,F19,TRUE,F3R3,Unknown,FAM-NFQ-MGB,Undetermined,0,NA,No Amp,FALSE,3,39,,NA,4,NA,0,No,,,167,1,8:09,11/03/2021,-64.58583,79.9971,CTD,CTD 63,5,top,0.66,No,AB,12:25,2A+2B,Liv/Christine,,4:16,4.27,1,63,63 top
168A,H7,FALSE,F3R1,Unknown,FAM-NFQ-MGB,36.64497208,0.979307912,2.652991836,Amp,FALSE,3,33,,NA,2,36.16258343,0.964777303,Yes,,,168,10,12:59,11/03/2021,-64.9207,80.00117,CTD,CTD 64,3566,bottom,-0.09,No,AB,16:30,2A+2B,Jess,,3:31,3.52,1,64,64 bottom
168A,H19,TRUE,F3R3,Unknown,FAM-NFQ-MGB,Undetermined,0,NA,No Amp,FALSE,3,8,,NA,2,NA,0,No,,,168,10,12:59,11/03/2021,-64.9207,80.00117,CTD,CTD 64,3566,bottom,-0.09,No,AB,16:30,2A+2B,Jess,,3:31,3.52,1,64,64 bottom
169A,F4,FALSE,F3R1,Unknown,FAM-NFQ-MGB,Undetermined,0,1.587057173,No Amp,FALSE,3,39,,NA,3,35.70789671,0,No,,,169,4,14:59,11/03/2021,-64.91937,80.00138,CTD,CTD 64,5,top,0.58,No,AB,16:30,2A+2B,Jess,,1:31,1.52,1,64,64 top
169A,F16,TRUE,F3R3,Unknown,FAM-NFQ-MGB,Undetermined,0,NA,No Amp,FALSE,3,39,,NA,3,NA,0,No,,,169,4,14:59,11/03/2021,-64.91937,80.00138,CTD,CTD 64,5,top,0.58,No,AB,16:30,2A+2B,Jess,,1:31,1.52,1,64,64 top
170A,D7,TRUE,F3R1,Unknown,FAM-NFQ-MGB,Undetermined,0,NA,No Amp,FALSE,3,39,,NA,3,NA,0,No,,,170,7,19:15,,NA,NA,,MilliQ,,,NA,,AB,19:20,2A+2B,Mads,,0:05,0.08,1,NA, 
170A,D19,TRUE,F3R3,Unknown,FAM-NFQ-MGB,Undetermined,0,NA,No Amp,FALSE,3,39,,NA,3,NA,0,No,,,170,7,19:15,,NA,NA,,MilliQ,,,NA,,AB,19:20,2A+2B,Mads,,0:05,0.08,1,NA, 
171A,A22,TRUE,F3R3,Unknown,FAM-NFQ-MGB,Undetermined,0,NA,No Amp,FALSE,3,39,,NA,3,NA,0,No,,,171,1,20:32,11/03/2021,-65.18183,79.99967,CTD,CTD 65,3530,bottom,-0.1,No,AB,0:11,2A+2B,Derek,,3:39,3.65,1,65,65 bottom
171A,A10,TRUE,F3R1,Unknown,FAM-NFQ-MGB,Undetermined,0,NA,No Amp,FALSE,3,39,,NA,3,NA,0,No,,,171,1,20:32,11/03/2021,-65.18183,79.99967,CTD,CTD 65,3530,bottom,-0.1,No,AB,0:11,2A+2B,Derek,,3:39,3.65,1,65,65 bottom
172A,J4,FALSE,F3R1,Unknown,FAM-NFQ-MGB,35.13610235,0.942406235,2.509628265,Amp,FALSE,3,29,,NA,3,34.92736743,0.417469829,Yes,,,172,3,22:06,11/03/2021,-65.18033,80.0005,CTD,CTD 65,5,top,-0.14,No,AB,0:11,2A+2B,Derek,,2:05,2.08,1,65,65 top
172A,J16,FALSE,F3R3,Unknown,FAM-NFQ-MGB,32.39881258,0.928383721,2.393804919,Amp,FALSE,3,29,,NA,3,32.72025867,0.572791596,Yes,,,172,3,22:06,11/03/2021,-65.18033,80.0005,CTD,CTD 65,5,top,-0.14,No,AB,0:11,2A+2B,Derek,,2:05,2.08,1,65,65 top
EC1,D10,TRUE,F3R1,Unknown,FAM-NFQ-MGB,Undetermined,0,1.348764508,No Amp,FALSE,3,44,,NA,2,NA,0,No,,,NA,NA,NA,NA,NA,NA,NA,NA,NA,NA,NA,NA,NA,NA,NA,NA,NA,NA,NA,NA,NA,NA
EC1,D22,TRUE,F3R3,Unknown,FAM-NFQ-MGB,Undetermined,0,NA,No Amp,FALSE,3,44,,NA,2,NA,0,No,,,NA,NA,NA,NA,NA,NA,NA,NA,NA,NA,NA,NA,NA,NA,NA,NA,NA,NA,NA,NA,NA,NA
EC2,M4,TRUE,F3R1,Unknown,FAM-NFQ-MGB,Undetermined,0,NA,No Amp,FALSE,3,44,,NA,1,NA,0,No,,,NA,NA,NA,NA,NA,NA,NA,NA,NA,NA,NA,NA,NA,NA,NA,NA,NA,NA,NA,NA,NA,NA
EC2,M16,TRUE,F3R3,Unknown,FAM-NFQ-MGB,Undetermined,0,NA,No Amp,FALSE,3,44,,NA,1,NA,0,No,,,NA,NA,NA,NA,NA,NA,NA,NA,NA,NA,NA,NA,NA,NA,NA,NA,NA,NA,NA,NA,NA,NA
EC3,K10,TRUE,F3R1,Unknown,FAM-NFQ-MGB,Undetermined,0,NA,No Amp,FALSE,3,44,,NA,1,NA,0,No,,,NA,NA,NA,NA,NA,NA,NA,NA,NA,NA,NA,NA,NA,NA,NA,NA,NA,NA,NA,NA,NA,NA
EC3,K22,TRUE,F3R3,Unknown,FAM-NFQ-MGB,Undetermined,0,NA,No Amp,FALSE,3,44,,NA,1,NA,0,No,,,NA,NA,NA,NA,NA,NA,NA,NA,NA,NA,NA,NA,NA,NA,NA,NA,NA,NA,NA,NA,NA,NA
EC4,P1,TRUE,F3R1,Unknown,FAM-NFQ-MGB,Undetermined,0,NA,No Amp,FALSE,3,44,,NA,2,NA,0,No,,,NA,NA,NA,NA,NA,NA,NA,NA,NA,NA,NA,NA,NA,NA,NA,NA,NA,NA,NA,NA,NA,NA
EC4,P13,TRUE,F3R3,Unknown,FAM-NFQ-MGB,Undetermined,0,NA,No Amp,FALSE,3,44,,NA,2,NA,0,No,,,NA,NA,NA,NA,NA,NA,NA,NA,NA,NA,NA,NA,NA,NA,NA,NA,NA,NA,NA,NA,NA,NA
EC5,D7,TRUE,F3R1,Unknown,FAM-NFQ-MGB,Undetermined,0,NA,No Amp,FALSE,3,29,,NA,4,NA,0,No,,,NA,NA,NA,NA,NA,NA,NA,NA,NA,NA,NA,NA,NA,NA,NA,NA,NA,NA,NA,NA,NA,NA
EC5,D19,TRUE,F3R3,Unknown,FAM-NFQ-MGB,Undetermined,0,NA,No Amp,FALSE,3,39,,NA,4,NA,0,No,,,NA,NA,NA,NA,NA,NA,NA,NA,NA,NA,NA,NA,NA,NA,NA,NA,NA,NA,NA,NA,NA,NA
EC6,C4,TRUE,F3R1,Unknown,FAM-NFQ-MGB,Undetermined,0,NA,No Amp,FALSE,3,39,,NA,3,NA,0,No,,,NA,NA,NA,NA,NA,NA,NA,NA,NA,NA,NA,NA,NA,NA,NA,NA,NA,NA,NA,NA,NA,NA
EC6,C16,TRUE,F3R3,Unknown,FAM-NFQ-MGB,Undetermined,0,NA,No Amp,FALSE,3,39,,NA,3,NA,0,No,,,NA,NA,NA,NA,NA,NA,NA,NA,NA,NA,NA,NA,NA,NA,NA,NA,NA,NA,NA,NA,NA,NA
EC7,G10,TRUE,F3R1,Unknown,FAM-NFQ-MGB,Undetermined,0,1.576585759,No Amp,FALSE,3,39,,NA,3,NA,0,No,,,NA,NA,NA,NA,NA,NA,NA,NA,NA,NA,NA,NA,NA,NA,NA,NA,NA,NA,NA,NA,NA,NA
EC7,G22,TRUE,F3R3,Unknown,FAM-NFQ-MGB,Undetermined,0,NA,No Amp,FALSE,3,39,,NA,3,NA,0,No,,,NA,NA,NA,NA,NA,NA,NA,NA,NA,NA,NA,NA,NA,NA,NA,NA,NA,NA,NA,NA,NA,NA
EC8,E7,TRUE,F3R1,Unknown,FAM-NFQ-MGB,Undetermined,0,NA,No Amp,FALSE,3,39,,NA,4,NA,0,No,,,NA,NA,NA,NA,NA,NA,NA,NA,NA,NA,NA,NA,NA,NA,NA,NA,NA,NA,NA,NA,NA,NA
EC8,E19,TRUE,F3R3,Unknown,FAM-NFQ-MGB,Undetermined,0,NA,No Amp,FALSE,3,39,,NA,4,NA,0,No,,,NA,NA,NA,NA,NA,NA,NA,NA,NA,NA,NA,NA,NA,NA,NA,NA,NA,NA,NA,NA,NA,NA
EC9,H1,TRUE,F3R1,Unknown,FAM-NFQ-MGB,Undetermined,0,1.506729682,No Amp,FALSE,3,39,,NA,4,NA,0,No,,,NA,NA,NA,NA,NA,NA,NA,NA,NA,NA,NA,NA,NA,NA,NA,NA,NA,NA,NA,NA,NA,NA
EC9,H13,TRUE,F3R3,Unknown,FAM-NFQ-MGB,Undetermined,0,NA,No Amp,FALSE,3,39,,NA,4,NA,0,No,,,NA,NA,NA,NA,NA,NA,NA,NA,NA,NA,NA,NA,NA,NA,NA,NA,NA,NA,NA,NA,NA,NA
gblock,K1,FALSE,F3R1,Unknown,FAM-NFQ-MGB,29.60327961,0.994817851,2.672340035,Amp,FALSE,3,24,,NA,4,29.62208915,0.037619079,Yes,,,NA,NA,NA,NA,NA,NA,NA,NA,NA,NA,NA,NA,NA,NA,NA,NA,NA,NA,NA,NA,NA,NA
gblock,J1,FALSE,F3R1,Unknown,FAM-NFQ-MGB,28.71738203,0.985553963,2.660240744,Amp,FALSE,3,23,,NA,5,28.48547073,0.41008264,Yes,,,NA,NA,NA,NA,NA,NA,NA,NA,NA,NA,NA,NA,NA,NA,NA,NA,NA,NA,NA,NA,NA,NA
gblock,O22,TRUE,F3R3,Standard,FAM-NFQ-MGB,28.46757688,0.909971428,2.586440467,Amp,FALSE,3,24,,NA,1,27.68153754,0.466786195,Yes,,,NA,NA,NA,NA,NA,NA,NA,NA,NA,NA,NA,NA,NA,NA,NA,NA,NA,NA,NA,NA,NA,NA
gblock,O22,TRUE,F3R3,Standard,FAM-NFQ-MGB,28.61337409,0.835324297,2.571092383,Amp,FALSE,3,25,,NA,2,27.91849436,0.106625701,Yes,,,NA,NA,NA,NA,NA,NA,NA,NA,NA,NA,NA,NA,NA,NA,NA,NA,NA,NA,NA,NA,NA,NA
gblock,O22,FALSE,F3R3,Standard,FAM-NFQ-MGB,25.42746623,0.480535137,2.556483381,Amp,FALSE,3,23,,NA,3,25.2457352,0.363462055,Yes,,,NA,NA,NA,NA,NA,NA,NA,NA,NA,NA,NA,NA,NA,NA,NA,NA,NA,NA,NA,NA,NA,NA
gblock,K13,FALSE,F3R3,Unknown,FAM-NFQ-MGB,28.57404343,0.988793439,2.563411319,Amp,FALSE,3,21,,NA,4,28.64797948,0.147872109,Yes,,,NA,NA,NA,NA,NA,NA,NA,NA,NA,NA,NA,NA,NA,NA,NA,NA,NA,NA,NA,NA,NA,NA
gblock,H7,FALSE,F3R3,Unknown,FAM-NFQ-MGB,27.68006074,0.98442544,2.571942893,Amp,FALSE,3,22,,NA,5,27.79350754,0.226893591,Yes,,,NA,NA,NA,NA,NA,NA,NA,NA,NA,NA,NA,NA,NA,NA,NA,NA,NA,NA,NA,NA,NA,NA
gblock,G16,FALSE,F3R1,Unknown,FAM,27.3934511,0.912117556,2.735252241,Amp,FALSE,3,22,,NA,6,27.27055786,0.225065198,Yes,,,NA,NA,NA,NA,NA,NA,NA,NA,NA,NA,NA,NA,NA,NA,NA,NA,NA,NA,NA,NA,NA,NA
gblock,O10,FALSE,F3R1,Standard,FAM-NFQ-MGB,29.50207621,0.982226771,2.649779491,Amp,FALSE,3,25,,NA,1,29.34414872,0.315854975,Yes,,,NA,NA,NA,NA,NA,NA,NA,NA,NA,NA,NA,NA,NA,NA,NA,NA,NA,NA,NA,NA,NA,NA
gblock,O10,TRUE,F3R1,Standard,FAM-NFQ-MGB,30.40390865,0.867404746,2.646832465,Amp,FALSE,3,26,,NA,2,29.80877644,0.275670971,Yes,,,NA,NA,NA,NA,NA,NA,NA,NA,NA,NA,NA,NA,NA,NA,NA,NA,NA,NA,NA,NA,NA,NA
gblock,O10,TRUE,F3R1,Standard,FAM-NFQ-MGB,27.83916221,0.896741019,2.624500044,Amp,FALSE,3,25,,NA,3,28.5644508,0.363324234,Yes,,,NA,NA,NA,NA,NA,NA,NA,NA,NA,NA,NA,NA,NA,NA,NA,NA,NA,NA,NA,NA,NA,NA
gblock,O16,TRUE,F3R3,Unknown,FAM,28.27120256,0.983879927,2.715100235,Amp,FALSE,3,21,,NA,6,29.06460601,0.349480747,Yes,,,NA,NA,NA,NA,NA,NA,NA,NA,NA,NA,NA,NA,NA,NA,NA,NA,NA,NA,NA,NA,NA,NA
NTC,J13,TRUE,F3R3,Unknown,FAM-NFQ-MGB,Undetermined,0,NA,No Amp,FALSE,3,39,,NA,4,NA,0,No,,,NA,NA,NA,NA,NA,NA,NA,NA,NA,NA,NA,NA,NA,NA,NA,NA,NA,NA,NA,NA,NA,NA
NTC,I1,TRUE,F3R1,Unknown,FAM-NFQ-MGB,Undetermined,0,NA,No Amp,FALSE,3,44,,NA,5,NA,0,No,,,NA,NA,NA,NA,NA,NA,NA,NA,NA,NA,NA,NA,NA,NA,NA,NA,NA,NA,NA,NA,NA,NA
NTC,H16,FALSE,F3R1,Unknown,FAM,Undetermined,0,NA,No Amp,FALSE,3,39,,NA,6,NA,0,No,,,NA,NA,NA,NA,NA,NA,NA,NA,NA,NA,NA,NA,NA,NA,NA,NA,NA,NA,NA,NA,NA,NA
NTC,N22,TRUE,F3R3,Unknown,FAM-NFQ-MGB,Undetermined,0,NA,No Amp,FALSE,3,44,,NA,1,NA,0,No,,,NA,NA,NA,NA,NA,NA,NA,NA,NA,NA,NA,NA,NA,NA,NA,NA,NA,NA,NA,NA,NA,NA
NTC,N22,TRUE,F3R3,Unknown,FAM-NFQ-MGB,11.83279803,0.879878656,1.990869851,Inconclusive,FALSE,3,6,,NA,2,NA,0,No,,,NA,NA,NA,NA,NA,NA,NA,NA,NA,NA,NA,NA,NA,NA,NA,NA,NA,NA,NA,NA,NA,NA
NTC,N22,TRUE,F3R3,Negative Control,FAM-NFQ-MGB,Undetermined,0,NA,No Amp,FALSE,3,12,,NA,3,NA,0,No,,,NA,NA,NA,NA,NA,NA,NA,NA,NA,NA,NA,NA,NA,NA,NA,NA,NA,NA,NA,NA,NA,NA
NTC,N10,TRUE,F3R1,Unknown,FAM-NFQ-MGB,Undetermined,0,NA,No Amp,FALSE,3,44,,NA,1,NA,0,No,,,NA,NA,NA,NA,NA,NA,NA,NA,NA,NA,NA,NA,NA,NA,NA,NA,NA,NA,NA,NA,NA,NA
NTC,G7,FALSE,F3R3,Unknown,FAM-NFQ-MGB,Undetermined,0,NA,No Amp,FALSE,3,44,,NA,5,NA,0,No,,,NA,NA,NA,NA,NA,NA,NA,NA,NA,NA,NA,NA,NA,NA,NA,NA,NA,NA,NA,NA,NA,NA
NTC,P16,FALSE,F3R3,Unknown,FAM,Undetermined,0,NA,No Amp,FALSE,3,39,,NA,6,NA,0,No,,,NA,NA,NA,NA,NA,NA,NA,NA,NA,NA,NA,NA,NA,NA,NA,NA,NA,NA,NA,NA,NA,NA
NTC,N10,TRUE,F3R1,Unknown,FAM-NFQ-MGB,Undetermined,0,1.173611629,No Amp,FALSE,3,44,,NA,2,NA,0,No,,,NA,NA,NA,NA,NA,NA,NA,NA,NA,NA,NA,NA,NA,NA,NA,NA,NA,NA,NA,NA,NA,NA
NTC,N10,TRUE,F3R1,Negative Control,FAM-NFQ-MGB,Undetermined,0,NA,No Amp,FALSE,3,39,,NA,3,NA,0,No,,,NA,NA,NA,NA,NA,NA,NA,NA,NA,NA,NA,NA,NA,NA,NA,NA,NA,NA,NA,NA,NA,NA
NTC,J1,TRUE,F3R1,Unknown,FAM-NFQ-MGB,Undetermined,0,1.166132417,No Amp,FALSE,3,39,,NA,4,NA,0,No,,,NA,NA,NA,NA,NA,NA,NA,NA,NA,NA,NA,NA,NA,NA,NA,NA,NA,NA,NA,NA,NA,NA
