"Well","Omit","Sample","Target","Task","Dyes","Cq","Cq.Conf","Amp.Score","Amp.Status","Annotated","Baseline.Start","Baseline.End","Tm1","Tm2","Tm3","Tm4","Curve.Quality","Result.Quality.Issues","X","Plate","Average.Cq","Diff.Cq","Order","Tech.replica","Exclude"
"A6",FALSE,"119A","Target 1","Unknown","FAM-NFQ-MGB","Undetermined",0,1.421113196,"No Amp",FALSE,3,44,91.51318359,79.07199097,81.19160461,89.76220703,"",NA,NA,"Plate1",32.539,0,81,1,"No"
"G15",FALSE,"102A","Target 1","Unknown","FAM-NFQ-MGB","Undetermined",0,1.047138598,"No Amp",FALSE,3,44,76.6309967,61.55740738,73.13833618,78.83688354,"",NA,NA,"Plate1",21.68178028,0,231,1,"No"
"G3",FALSE,"047A","1","Unknown","FAM","23.07866559",0.246676533,2.620250053,"Amp",FALSE,3,17,84.0269928,74.45326233,NA,NA,"",NA,NA,"Plate4",35.312,0,39,3,"No"
"O2",FALSE,"086A","1","Unknown","FAM","23.37563641",0.235426547,2.710255942,"Amp",FALSE,3,18,84.48727417,74.72942352,NA,NA,"",NA,NA,"Plate4",23.37563641,0,31,3,"No"
"I20",FALSE,"094A","Target 1","Unknown","FAM-NFQ-MGB","24.13124405",0.192418504,2.644345198,"Amp",FALSE,3,18,84.61476135,NA,NA,NA,"",NA,NA,"Plate1",24.56493647,0.867384847,313,1,"No"
"I15",FALSE,"057A","Target 1","Unknown","FAM-NFQ-MGB","Undetermined",0,1.235116409,"No Amp",FALSE,3,44,78.37732697,81.9618988,72.21921539,62.93608856,"",NA,NA,"Plate1",24.85707855,0,233,1,"No"
"O1",FALSE,"053A","Target 1","Unknown","FAM-NFQ-MGB","26.90318399",0.288167298,2.480130008,"Amp",FALSE,3,18,85.12754059,NA,NA,NA,"",NA,NA,"Plate1",25.14038388,3.525600222,15,1,"No"
"I3",FALSE,"059A","1","Unknown","FAM","17.9249643",0.215806861,2.707594334,"Amp",FALSE,3,13,84.11904907,NA,NA,NA,"",NA,NA,"Plate4",25.62456239,15.39919618,41,3,"No"
"I4",FALSE,"145A","Target 1","Unknown","FAM-NFQ-MGB","26.75842171",0.991430546,2.629633484,"Amp",FALSE,3,20,75.18515015,NA,NA,NA,"",NA,NA,"Plate1",25.81452925,1.887784905,57,1,"No"
"G2",FALSE,"117A","Target 1","Unknown","FAM-NFQ-MGB","25.82369809",0.278544923,2.50530658,"Amp",FALSE,3,17,84.75930023,NA,NA,NA,"",NA,NA,"Plate1",25.82369809,0,23,1,"No"
"G4",FALSE,"106A","1","Unknown","FAM","26.45391793",0.24310929,2.782424723,"Amp",FALSE,3,19,84.57933044,74.5453186,NA,NA,"",NA,NA,"Plate4",26.52180836,0.135780856,55,3,"No"
"K16",FALSE,"104A","Target 1","Unknown","FAM-NFQ-MGB","31.04883409",0.495225889,2.405332149,"Amp",FALSE,3,20,84.71926117,NA,NA,NA,"",NA,NA,"Plate1",26.65755692,8.782554341,251,1,"No"
"E2",FALSE,"158A","Target 1","Unknown","FAM-NFQ-MGB","26.80514457",0.992445262,2.740894307,"Amp",FALSE,3,20,73.837677,NA,NA,NA,"",NA,NA,"Plate2",26.86613843,0.121987711,21,1,"No"
"I18",FALSE,"161A","Target 1","Unknown","FAM-NFQ-MGB","28.37328075",0.993712633,2.744568406,"Amp",FALSE,3,20,75.97943878,73.68280792,NA,NA,"",NA,NA,"Plate1",28.37328075,0,281,1,"No"
"A7",FALSE,"142A","1","Unknown","FAM","28.61971089",0.9936194,2.857530052,"Amp",FALSE,3,22,73.61792755,76.37823486,NA,NA,"Warning",NA,NA,"Plate4",28.84488006,0.450338337,97,3,"No"
"E1",FALSE,"157A","1","Unknown","FAM","29.41487168",0.981598835,2.856302572,"Amp",FALSE,3,22,73.53270721,75.92613983,NA,NA,"Warning",NA,NA,"Plate4",29.27403417,0.281675018,5,3,"No"
"O5",FALSE,"091A","1","Unknown","FAM","29.86938335",0.212668093,2.864324443,"Amp",FALSE,3,20,73.70993042,76.37823486,84.38313293,NA,"",NA,NA,"Plate4",29.86938335,0,79,3,"No"
"O20",FALSE,"151A","Target 1","Unknown","FAM-NFQ-MGB","30.39401065",0.994366569,2.738925761,"Amp",FALSE,3,24,76.34690094,NA,NA,NA,"",NA,NA,"Plate1",30.17533319,0.437354918,319,1,"No"
"E3",FALSE,"099A","1","Unknown","FAM","18.04613047",0.21569354,2.750240837,"Amp",FALSE,3,14,84.30316162,NA,NA,NA,"",NA,NA,"Plate4",30.98773207,25.88320319,37,3,"No"
"E4",FALSE,"082A","1","Unknown","FAM","23.08110592",0.234008463,2.669387625,"Amp",FALSE,3,17,84.48727417,NA,NA,NA,"",NA,NA,"Plate4",31.80905536,17.45589889,53,3,"No"
"K3",FALSE,"167A","Target 1","Unknown","FAM-NFQ-MGB","33.03897665",0.249884949,2.501550717,"Amp",FALSE,3,22,73.92935181,NA,NA,NA,"",NA,NA,"Plate2",31.89943685,2.279079594,43,1,"No"
"I11",FALSE,"146A","Target 1","Unknown","FAM-NFQ-MGB","32.38679102",0.99179467,2.590980202,"Amp",FALSE,3,23,75.25021362,NA,NA,NA,"",NA,NA,"Plate1",32.25679823,0.259985584,169,1,"No"
"C24",FALSE,"132A","Target 1","Unknown","FAM-NFQ-MGB","33.21880432",0.988807252,2.587065012,"Amp",FALSE,3,26,75.08885193,NA,NA,NA,"",NA,NA,"Plate1",32.44620731,1.545194004,371,1,"No"
"K13",FALSE,"135A","Target 1","Unknown","FAM-NFQ-MGB","32.55147403",0.561610016,2.381588217,"Amp",FALSE,3,25,80.03174591,83.8920517,NA,NA,"",NA,NA,"Plate1",32.55147403,0,203,1,"No"
"G7",FALSE,"149A","Target 1","Unknown","FAM-NFQ-MGB","29.427422",0.934487204,2.741840231,"Amp",FALSE,3,23,74.00335693,75.93865967,NA,NA,"",NA,NA,"Plate1",32.66002563,6.465207253,103,1,"No"
"E4",FALSE,"049A","Target 1","Unknown","FAM-NFQ-MGB","32.16667715",0.503325118,2.354532241,"Amp",FALSE,3,23,85.12754059,NA,NA,NA,"",NA,NA,"Plate1",33.10948631,1.885618317,53,1,"No"
"G14",FALSE,"155A","Target 1","Unknown","FAM-NFQ-MGB","Undetermined",0,1.663671559,"No Amp",FALSE,3,34,71.8515625,62.84417725,65.9691925,90.69355011,"",NA,NA,"Plate1",33.86426548,0,215,1,"No"
"E15",FALSE,"108A","Target 1","Unknown","FAM-NFQ-MGB","40.54923028",0.642790772,1.855204222,"Inconclusive",FALSE,3,22,85.45455933,90.14207458,78.65306091,NA,"",NA,NA,"Plate1",34.29085125,12.51675806,229,1,"No"
"M4",FALSE,"147A","Target 1","Unknown","FAM-NFQ-MGB","35.37646021",0.979639372,2.445432497,"Amp",FALSE,3,27,75.27721405,NA,NA,NA,"",NA,NA,"Plate1",34.41265561,1.927609198,61,1,"No"
"O10",FALSE,"089A","Target 1","Unknown","FAM-NFQ-MGB","33.17201958",0.563879743,2.312495484,"Amp",FALSE,3,24,85.17515564,NA,NA,NA,"",NA,NA,"Plate1",34.68980176,3.035564355,159,1,"No"
"G8",FALSE,"055A","Target 1","Unknown","FAM-NFQ-MGB","35.34589298",0.712573587,2.051485628,"Inconclusive",FALSE,3,22,85.15435791,NA,NA,NA,"",NA,NA,"Plate1",34.81551222,1.060761529,119,1,"No"
"E1",FALSE,"088A","Target 1","Unknown","FAM-NFQ-MGB","34.06398738",0.417586723,2.675095107,"Amp",FALSE,3,24,74.08044434,85.03547668,76.19780731,NA,"",NA,NA,"Plate1",36.04943038,3.97088601,5,1,"No"
"O7",FALSE,"084A","1","Unknown","FAM","35.81490797",0.655700169,2.435841185,"Amp",FALSE,3,20,78.77050018,84.29112244,NA,NA,"",NA,NA,"Plate4",36.47694795,1.324079954,111,3,"No"
"E5",FALSE,"148A","Target 1","Unknown","FAM-NFQ-MGB","36.09678335",0.984883103,2.768697273,"Amp",FALSE,3,27,75.47787476,NA,NA,NA,"",NA,NA,"Plate1",36.59152587,0.98948504,69,1,"No"
"A1",FALSE,"124A","Target 1","Unknown","FAM-NFQ-MGB","36.78195657",0.989286825,2.783970351,"Amp",FALSE,3,27,75.82956696,NA,NA,NA,"",NA,NA,"Plate1",36.97279301,0.381672877,1,1,"No"
"K21",FALSE,"071A","Target 1","Unknown","FAM-NFQ-MGB","37.01470606",0.981005052,2.648985676,"Amp",FALSE,3,31,72.41989136,76.56138611,NA,NA,"",NA,NA,"Plate1",37.01470606,0,331,1,"No"
"E1",FALSE,"079A","Target 1","Unknown","FAM-NFQ-MGB","34.88560111",0.551109922,2.806802134,"Amp",FALSE,3,24,75.21273041,NA,NA,NA,"",NA,NA,"Plate2",37.41266468,5.05412714,5,1,"No"
"A23",FALSE,"107A","Target 1","Unknown","FAM-NFQ-MGB","37.6293605",0.98827001,2.787850334,"Amp",FALSE,3,32,75.54901886,NA,NA,NA,"",NA,NA,"Plate1",37.6293605,0,353,1,"No"
"C6",FALSE,"121A","1","Unknown","FAM","37.93356343",0.989388549,2.888258146,"Amp",FALSE,3,30,74.99807739,NA,NA,NA,"Warning",NA,NA,"Plate4",37.93356343,0,83,3,"No"
"C7",FALSE,"159A","1","Unknown","FAM","37.98299747",0.974767437,2.852963218,"Amp",FALSE,3,27,74.99807739,NA,NA,NA,"Warning",NA,NA,"Plate4",37.98299747,0,99,3,"No"
"E7",FALSE,"066A","1","Unknown","FAM","38.26083191",0.968708965,2.833415491,"Amp",FALSE,3,24,75.27410889,NA,NA,NA,"",NA,NA,"Plate4",38.26083191,0,101,3,"No"
"O8",FALSE,"153A","Target 1","Unknown","FAM-NFQ-MGB","Undetermined",0,NA,"No Amp",FALSE,3,44,79.90140533,84.50925446,90.40730286,92.5269165,"",NA,NA,"Plate1",38.31505719,0,127,1,"No"
"O7",FALSE,"068A","Target 1","Unknown","FAM-NFQ-MGB","40.32539936",0.913121291,2.42853841,"Inconclusive",FALSE,3,33,75.66218567,63.68177795,NA,NA,"",NA,NA,"Plate1",38.3446837,3.961431334,111,1,"No"
"I22",FALSE,"058A","Target 1","Unknown","FAM-NFQ-MGB","39.15125409",0.992562628,2.609840839,"Inconclusive",FALSE,3,30,75.18088531,NA,NA,NA,"",NA,NA,"Plate1",38.46261813,1.377271936,345,1,"No"
"C5",FALSE,"134A","Target 1","Unknown","FAM-NFQ-MGB","Undetermined",0,1.317618207,"No Amp",FALSE,3,44,87.08965302,84.78572845,63.3131485,65.8013916,"",NA,NA,"Plate1",38.5752697,0,67,1,"No"
"M7",FALSE,"118A","1","Unknown","FAM","38.68432282",0.992721173,2.873810046,"Amp",FALSE,3,27,74.8140564,NA,NA,NA,"Warning",NA,NA,"Plate4",38.68432282,0,109,3,"No"
"I21",FALSE,"130A","Target 1","Unknown","FAM-NFQ-MGB","38.72068712",0.991731785,2.679676035,"Amp",FALSE,3,32,76.46934509,NA,NA,NA,"",NA,NA,"Plate1",38.72068712,0,329,1,"No"
"M1",FALSE,"072A","Target 1","Unknown","FAM-NFQ-MGB","Undetermined",0,NA,"No Amp",FALSE,3,44,85.12754059,78.40722656,92.03196716,NA,"",NA,NA,"Plate1",38.78857683,0,13,1,"No"
"E5",FALSE,"114A","1","Unknown","FAM","38.2448259",0.985598656,2.851915598,"Amp",FALSE,3,29,74.99807739,NA,NA,NA,"Warning",NA,NA,"Plate4",39.10027484,1.710897884,69,3,"No"
"E4",FALSE,"138A","Target 1","Unknown","FAM-NFQ-MGB","Undetermined",0,1.450382461,"No Amp",FALSE,3,44,78.42118835,89.32992554,81.53796387,91.53000641,"",NA,NA,"Plate2",39.33800611,0,53,1,"No"
"O6",FALSE,"054A","1","Unknown","FAM","39.05291277",0.968557262,2.764031778,"Amp",FALSE,3,28,75.09008789,NA,NA,NA,"",NA,NA,"Plate4",39.66277669,1.219727837,95,3,"No"
"G9",FALSE,"083A","Target 1","Unknown","FAM-NFQ-MGB","40.12505738",0.961861018,2.446407512,"Amp",FALSE,3,33,74.97451782,NA,NA,NA,"",NA,NA,"Plate1",39.83340363,0.583307513,135,1,"No"
"G1",FALSE,"077A","Target 1","Unknown","FAM-NFQ-MGB","35.55106016",0.703934445,2.789239404,"Amp",FALSE,3,26,75.21273041,NA,NA,NA,"",NA,NA,"Plate2",39.88896426,8.675808198,7,1,"No"
"C17",FALSE,"061A","Target 1","Unknown","FAM-NFQ-MGB","41.25775686",0.941128585,2.28643359,"Amp",FALSE,3,32,74.96891785,NA,NA,NA,"",NA,NA,"Plate1",39.89290491,2.729703891,259,1,"No"
"K23",FALSE,"048A","Target 1","Unknown","FAM-NFQ-MGB","Undetermined",0,1.359100771,"No Amp",FALSE,3,44,83.92404175,86.86911011,92.94329834,90.27433777,"",NA,NA,"Plate1",40.04022277,0,363,1,"No"
"M3",FALSE,"115A","1","Unknown","FAM","38.30113097",0.923731097,2.761233834,"Amp",FALSE,3,28,75.00559235,NA,NA,NA,"",NA,NA,"Plate4",40.14265835,3.683054753,45,3,"No"
"I24",FALSE,"062A","Target 1","Unknown","FAM-NFQ-MGB","43.20656246",0.606146225,2.022861687,"Inconclusive",FALSE,3,32,74.16851807,NA,NA,NA,"",NA,NA,"Plate1",40.19413295,6.024859015,377,1,"No"
"E3",FALSE,"154A","Target 1","Unknown","FAM-NFQ-MGB","40.108238",0.978560616,2.493393667,"Inconclusive",FALSE,3,33,74.47937012,NA,NA,NA,"",NA,NA,"Plate2",40.2125482,0.208620399,37,1,"No"
"G1",FALSE,"064A","1","Unknown","FAM","40.55487612",0.887495637,2.553634724,"Amp",FALSE,3,26,75.00559235,NA,NA,NA,"",NA,NA,"Plate4",40.55487612,0,7,3,"No"
"A8",FALSE,"NTC","1","Unknown","FAM","40.56593138",0.969628218,2.640002064,"Amp",FALSE,3,31,79.32256317,NA,NA,NA,"",NA,NA,"Plate4",40.56593138,0,113,3,"No"
"E2",FALSE,"051A","1","Unknown","FAM","Undetermined",0,NA,"No Amp",FALSE,3,44,80.62095642,85.68399048,76.93875122,88.99797058,"",NA,NA,"Plate4",40.59030979,0,21,3,"No"
"C4",FALSE,"112A","Target 1","Unknown","FAM-NFQ-MGB","Undetermined",0,NA,"No Amp",FALSE,3,31,80.43792725,93.36340332,83.73805237,88.04653931,"",NA,NA,"Plate2",40.59199965,0,51,1,"No"
"O3",FALSE,"097A","1","Unknown","FAM","40.59325961",0.437242292,2.168708258,"Inconclusive",FALSE,3,22,84.57933044,NA,NA,NA,"",NA,NA,"Plate4",40.59325961,0,47,3,"No"
"I7",FALSE,"136A","1","Unknown","FAM","Undetermined",0,NA,"No Amp",FALSE,3,44,72.51380157,81.438797,84.47514343,NA,"",NA,NA,"Plate4",40.62922318,0,105,3,"No"
"K4",FALSE,"078A","1","Unknown","FAM","42.05889166",0.934643399,2.494836298,"Inconclusive",FALSE,3,32,74.8214798,NA,NA,NA,"",NA,NA,"Plate4",40.68560263,2.746578054,59,3,"No"
"I5",FALSE,"141A","1","Unknown","FAM","40.71608048",0.951589049,2.621211776,"Inconclusive",FALSE,3,29,74.90606689,NA,NA,NA,"",NA,NA,"Plate4",40.71608048,0,73,3,"No"
"M4",FALSE,"074A","1","Unknown","FAM","40.78347353",0.961655878,2.636533857,"Inconclusive",FALSE,3,33,74.91353607,NA,NA,NA,"",NA,NA,"Plate4",40.78347353,0,61,3,"No"
"G5",FALSE,"103A","Target 1","Unknown","FAM-NFQ-MGB","Undetermined",0,NA,"No Amp",FALSE,3,44,85.70729828,93.72496033,78.88768005,81.0072937,"",NA,NA,"Plate1",40.94511184,0,71,1,"No"
"M13",FALSE,"095A","Target 1","Unknown","FAM-NFQ-MGB","Undetermined",0,1.244278543,"No Amp",FALSE,3,44,91.52075958,71.11627197,89.13104248,82.88101959,"",NA,NA,"Plate1",40.94535309,0,205,1,"No"
"I4",FALSE,"131A","1","Unknown","FAM","41.16973615",0.95631348,2.602686037,"Inconclusive",FALSE,3,30,74.8214798,NA,NA,NA,"",NA,NA,"Plate4",40.94960029,0.440271725,57,3,"No"
"M22",FALSE,"065A","Target 1","Unknown","FAM-NFQ-MGB","40.60467507",0.970650729,2.414227935,"Inconclusive",FALSE,3,32,73.98445129,NA,NA,NA,"",NA,NA,"Plate1",41.33745617,1.465562187,349,1,"No"
"O5",FALSE,"093A","Target 1","Unknown","FAM-NFQ-MGB","43.39542264",0.06793368,1.788501728,"Inconclusive",FALSE,3,28,85.24651337,73.91120148,NA,NA,"",NA,NA,"Plate1",41.63909651,3.512652268,79,1,"No"
"I1",FALSE,"073A","1","Unknown","FAM","41.68974966",0.93999859,2.522794231,"Inconclusive",FALSE,3,32,75.09764099,NA,NA,NA,"",NA,NA,"Plate4",41.68974966,0,9,3,"No"
"C22",FALSE,"172A","Target 1","Unknown","FAM-NFQ-MGB","Undetermined",0,1.584074307,"No Amp",FALSE,3,44,85.02844238,93.2193985,87.42131042,75.9171524,"",NA,NA,"Plate1",41.90313405,0,339,1,"No"
"K4",FALSE,"063A","Target 1","Unknown","FAM-NFQ-MGB","42.71735951",0.892842856,2.176791672,"Amp",FALSE,3,33,74.81691742,NA,NA,NA,"",NA,NA,"Plate1",42.21976941,0.995180194,59,1,"No"
"I6",FALSE,"128A","1","Unknown","FAM","Undetermined",0,NA,"No Amp",FALSE,3,44,83.73905945,92.38802338,81.62281799,94.5042572,"",NA,NA,"Plate4",42.46017451,0,89,3,"No"
"M10",FALSE,"133A","Target 1","Unknown","FAM-NFQ-MGB","41.92919742",0.673300155,1.998197427,"Inconclusive",FALSE,3,26,85.2670517,NA,NA,NA,"",NA,NA,"Plate1",42.59085176,1.323308678,157,1,"No"
"G6",FALSE,"165A","1","Unknown","FAM","Undetermined",0,1.48438918,"No Amp",FALSE,3,44,82.45091248,90.63983154,85.21121979,87.23544312,"",NA,NA,"Plate4",42.65514188,0,87,3,"No"
"M11",FALSE,"052A","Target 1","Unknown","FAM-NFQ-MGB","42.74926728",0.898955083,2.191147836,"Inconclusive",FALSE,3,36,75.25021362,NA,NA,NA,"",NA,NA,"Plate1",42.74926728,0,173,1,"No"
"M8",FALSE,"056A","Target 1","Unknown","FAM-NFQ-MGB","43.33353024",0.67207235,2.114677161,"Inconclusive",FALSE,3,34,75.20140076,NA,NA,NA,"",NA,NA,"Plate1",42.91104962,0.844961252,125,1,"No"
"A4",FALSE,"168A","1","Unknown","FAM","Undetermined",0,NA,"No Amp",FALSE,3,15,74.8214798,86.14426422,89.2741394,80.43684387,"",NA,NA,"Plate4",42.93676873,0,49,3,"No"
"A9",FALSE,"126A","Target 1","Unknown","FAM-NFQ-MGB","44.90065288",0,1.868255207,"Inconclusive",FALSE,3,33,79.47750092,85.17515564,NA,NA,"",NA,NA,"Plate1",43.16420651,3.472892746,129,1,"No"
"I14",FALSE,"156A","Target 1","Unknown","FAM-NFQ-MGB","43.46256267",0.367618054,2.042574804,"Inconclusive",FALSE,3,34,73.04642487,NA,NA,NA,"",NA,NA,"Plate1",43.46256267,0,217,1,"No"
"E10",FALSE,"081A","Target 1","Unknown","FAM-NFQ-MGB","43.58481048",0.407448508,2.073030207,"Inconclusive",FALSE,3,35,81.03975677,75.15830994,61.92505264,NA,"",NA,NA,"Plate1",43.58481048,0,149,1,"No"
"C4",FALSE,"113A","1","Unknown","FAM","43.92053118",0.010676756,2.133638586,"Inconclusive",FALSE,3,24,84.85549164,NA,NA,NA,"",NA,NA,"Plate4",43.92053118,0,51,3,"No"
"O17",FALSE,"144A","Target 1","Unknown","FAM-NFQ-MGB","Undetermined",0,NA,"No Amp",FALSE,3,44,83.69611359,79.74591064,61.46474457,91.13719177,"",NA,NA,"Plate1",44.38470865,0,271,1,"No"
"C1",FALSE,"075A","1","Unknown","FAM","Undetermined",0,1.834106662,"No Amp",FALSE,3,44,84.94754791,82.09384155,91.57551575,NA,"",NA,NA,"Plate4",NA,0,3,3,"No"
"K1",FALSE,"166A","1","Unknown","FAM","Undetermined",0,NA,"No Amp",FALSE,3,44,90.65496826,84.0269928,92.77223206,80.62095642,"",NA,NA,"Plate4",NA,0,11,3,"No"
"O1",FALSE,"085A","1","Unknown","FAM","Undetermined",0,1.544414677,"No Amp",FALSE,3,44,89.45825195,92.68017578,86.2363205,83.29055786,"",NA,NA,"Plate4",NA,0,15,3,"No"
"A2",FALSE,"164A","1","Unknown","FAM","Undetermined",0,NA,"No Amp",FALSE,3,44,88.62975311,92.12785339,83.7508316,80.62095642,"",NA,NA,"Plate4",NA,0,17,3,"No"
"E2",FALSE,"143A","Target 1","Unknown","FAM-NFQ-MGB","Undetermined",0,NA,"No Amp",FALSE,3,44,82.64194489,93.41285706,86.96871948,88.80990601,"",NA,NA,"Plate1",NA,0,21,1,"No"
"G2",FALSE,"076A","1","Unknown","FAM","Undetermined",0,NA,"No Amp",FALSE,3,44,89.73442078,81.35739136,87.89331055,93.41662598,"",NA,NA,"Plate4",NA,0,23,3,"No"
"K2",FALSE,"122A","Target 1","Unknown","FAM-NFQ-MGB","Undetermined",0,2.003576054,"No Amp",FALSE,3,44,75.46133423,NA,NA,NA,"",NA,NA,"Plate1",NA,0,27,1,"No"
"K2",FALSE,"125A","1","Unknown","FAM","Undetermined",0,NA,"No Amp",FALSE,3,10,87.61714935,89.45825195,92.77223206,83.93493652,"",NA,NA,"Plate4",NA,0,27,3,"No"
"M2",FALSE,"060A","Target 1","Unknown","FAM-NFQ-MGB","Undetermined",0,NA,"No Amp",FALSE,3,44,92.49226379,86.04812622,84.3910675,78.95957947,"",NA,NA,"Plate1",NA,0,29,1,"No"
"M2",FALSE,"116A","1","Unknown","FAM","Undetermined",0,NA,"No Amp",FALSE,3,44,85.68399048,91.94374084,82.27794647,80.52890015,"",NA,NA,"Plate4",NA,0,29,3,"No"
"A3",FALSE,"111A","Target 1","Unknown","FAM-NFQ-MGB","Undetermined",0,NA,"No Amp",FALSE,3,44,62.20481873,87.42901611,84.29901123,89.82255554,"",NA,NA,"Plate1",NA,0,33,1,"No"
"C3",FALSE,"092A","1","Unknown","FAM","Undetermined",0,1.502855795,"No Amp",FALSE,3,44,86.69659424,91.66757202,93.41662598,81.63356018,"",NA,NA,"Plate4",NA,0,35,3,"No"
"G3",FALSE,"EC5","Target 1","Unknown","FAM-NFQ-MGB","Undetermined",0,NA,"No Amp",FALSE,3,44,90.88832092,88.04653931,80.43792725,82.27133179,"",NA,NA,"Plate2",NA,0,39,1,"No"
"I3",FALSE,"EC8","Target 1","Unknown","FAM-NFQ-MGB","Undetermined",0,1.339040798,"No Amp",FALSE,3,44,86.2131424,81.26295471,70.53755951,73.47100067,"",NA,NA,"Plate2",NA,0,41,1,"No"
"K3",FALSE,"098A","1","Unknown","FAM","Undetermined",0,NA,"No Amp",FALSE,3,44,83.65877533,90.74702454,92.9563446,86.78865051,"",NA,NA,"Plate4",NA,0,43,3,"No"
"M3",FALSE,"152A","Target 1","Unknown","FAM-NFQ-MGB","Undetermined",0,NA,"No Amp",FALSE,3,44,91.93991089,87.15283966,89.08608246,84.57518005,"",NA,NA,"Plate1",NA,0,45,1,"No"
"O4",FALSE,"067A","1","Unknown","FAM","Undetermined",0,NA,"No Amp",FALSE,3,44,92.58812714,90.01058197,78.77985382,74.5453186,"",NA,NA,"Plate4",NA,0,63,3,"No"
"A5",FALSE,"109A","1","Unknown","FAM","Undetermined",0,NA,"No Amp",FALSE,3,44,90.27178955,82.81895447,87.8795166,93.86018372,"",NA,NA,"Plate4",NA,0,65,3,"No"
"C5",FALSE,"087A","1","Unknown","FAM","Undetermined",0,1.456828295,"No Amp",FALSE,3,44,80.88673401,88.98364258,85.76328278,92.75606537,"",NA,NA,"Plate4",NA,0,67,3,"No"
"G5",FALSE,"123A","1","Unknown","FAM","Undetermined",0,NA,"No Amp",FALSE,3,44,82.63493347,88.43157959,93.12410736,NA,"",NA,NA,"Plate4",NA,0,71,3,"No"
"K5",FALSE,"090A","Target 1","Unknown","FAM-NFQ-MGB","Undetermined",0,NA,"No Amp",FALSE,3,44,79.16415405,88.74847412,86.26023865,83.95631409,"",NA,NA,"Plate1",NA,0,75,1,"No"
"K5",FALSE,"137A","1","Unknown","FAM","Undetermined",0,1.870331507,"No Amp",FALSE,3,30,84.6591568,NA,NA,NA,"",NA,NA,"Plate4",NA,0,75,3,"No"
"A6",FALSE,"105A","1","Unknown","FAM","Undetermined",0,NA,"No Amp",FALSE,3,44,83.18699646,91.65194702,89.53570557,79.23055267,"",NA,NA,"Plate4",NA,0,81,3,"No"
"E6",FALSE,"171A","1","Unknown","FAM","Undetermined",0,1.396064466,"No Amp",FALSE,3,44,81.5308075,90.73184204,92.75606537,NA,"",NA,NA,"Plate4",NA,0,85,3,"No"
"I6",FALSE,"EC2","Target 1","Unknown","FAM-NFQ-MGB","Undetermined",0,NA,"No Amp",FALSE,3,22,85.52297974,87.64259338,81.92886353,91.78965759,"",NA,NA,"Plate1",NA,0,89,1,"No"
"K6",FALSE,"139A","1","Unknown","FAM","Undetermined",0,NA,"No Amp",FALSE,3,44,87.05142975,88.79962158,91.37591553,84.29112244,"",NA,NA,"Plate4",NA,0,91,3,"No"
"C7",FALSE,"070A","Target 1","Unknown","FAM-NFQ-MGB","Undetermined",0,NA,"No Amp",FALSE,3,44,89.57789612,91.78965759,81.92886353,84.140625,"",NA,NA,"Plate1",NA,0,99,1,"No"
"K7",FALSE,"069A","1","Unknown","FAM","Undetermined",0,NA,"No Amp",FALSE,3,44,87.23544312,83.00297546,74.99807739,91.37591553,"",NA,NA,"Plate4",NA,0,107,3,"No"
"A8",FALSE,"080A","Target 1","Unknown","FAM-NFQ-MGB","Undetermined",0,1.761345114,"No Amp",FALSE,3,44,79.99356079,61.93079376,86.6288681,92.06613159,"",NA,NA,"Plate1",NA,0,113,1,"No"
"C8",FALSE,"050A","Target 1","Unknown","FAM-NFQ-MGB","Undetermined",0,NA,"No Amp",FALSE,3,44,91.42103577,87.36611938,93.54064178,89.39357758,"",NA,NA,"Plate1",NA,0,115,1,"No"
"E8",FALSE,"EC3","Target 1","Unknown","FAM-NFQ-MGB","Undetermined",0,NA,"No Amp",FALSE,3,44,88.56416321,78.7955246,91.14456177,82.02101898,"",NA,NA,"Plate1",NA,0,117,1,"No"
"I12",FALSE,"EC1","Target 1","Unknown","FAM-NFQ-MGB","Undetermined",0,NA,"No Amp",FALSE,3,44,87.56449127,89.9538269,82.87771606,92.61886597,"",NA,NA,"Plate1",NA,0,185,1,"No"
"E13",FALSE,"140A","Target 1","Unknown","FAM-NFQ-MGB","Undetermined",0,NA,"No Amp",FALSE,3,44,81.86998749,61.92505646,79.5721817,88.39575195,"",NA,NA,"Plate1",NA,0,197,1,"No"
"O13",FALSE,"EC4","Target 1","Unknown","FAM-NFQ-MGB","Undetermined",0,NA,"No Amp",FALSE,3,44,92.16414642,89.68251801,84.90309143,86.74133301,"",NA,NA,"Plate1",NA,0,207,1,"No"
"O15",FALSE,"129A","Target 1","Unknown","FAM-NFQ-MGB","Undetermined",0,NA,"No Amp",FALSE,3,37,84.71926117,79.29644775,92.43988037,61.09784698,"",NA,NA,"Plate1",NA,0,239,1,"No"
"A16",FALSE,"127A","Target 1","Unknown","FAM-NFQ-MGB","Undetermined",0,1.718004177,"No Amp",FALSE,3,44,73.59790039,79.66409302,88.12001038,85.63838196,"",NA,NA,"Plate1",NA,0,241,1,"No"
"E16",FALSE,"110A","Target 1","Unknown","FAM-NFQ-MGB","Undetermined",0,NA,"No Amp",FALSE,3,44,86.46559143,89.31486511,84.16779327,81.22660065,"",NA,NA,"Plate1",NA,0,245,1,"No"
"E18",FALSE,"EC6","Target 1","Unknown","FAM-NFQ-MGB","Undetermined",0,1.58836913,"No Amp",FALSE,3,44,93.06636047,81.58321381,88.38124084,83.32865143,"",NA,NA,"Plate1",NA,0,277,1,"No"
"K18",FALSE,"169A","Target 1","Unknown","FAM-NFQ-MGB","Undetermined",0,NA,"No Amp",FALSE,3,44,80.94015503,85.62528229,83.60424805,88.47309875,"",NA,NA,"Plate1",NA,0,283,1,"No"
"G19",FALSE,"170A","Target 1","Unknown","FAM-NFQ-MGB","Undetermined",0,NA,"No Amp",FALSE,3,44,86.08460999,79.1028595,81.03202057,90.67786407,"",NA,NA,"Plate1",NA,0,295,1,"No"
"M20",FALSE,"EC7","Target 1","Unknown","FAM-NFQ-MGB","Undetermined",0,NA,"No Amp",FALSE,3,44,92.23957825,79.28658295,77.08181763,89.48361969,"",NA,NA,"Plate1",NA,0,317,1,"No"
"C21",FALSE,"101A","Target 1","Unknown","FAM-NFQ-MGB","Undetermined",0,NA,"No Amp",FALSE,3,44,80.05864716,84.75234222,91.10263062,87.23724365,"",NA,NA,"Plate1",NA,0,323,1,"No"
"G21",FALSE,"120A","Target 1","Unknown","FAM-NFQ-MGB","Undetermined",0,NA,"No Amp",FALSE,3,44,87.51333618,90.36637115,84.66030884,74.81275177,"",NA,NA,"Plate1",NA,0,327,1,"No"
"G22",FALSE,"100A","Target 1","Unknown","FAM-NFQ-MGB","Undetermined",0,NA,"No Amp",FALSE,3,44,87.69740295,90.64247131,78.58611298,80.97898102,"",NA,NA,"Plate1",NA,0,343,1,"No"
"K24",FALSE,"096A","Target 1","Unknown","FAM-NFQ-MGB","Undetermined",0,NA,"No Amp",FALSE,3,44,90.27433777,84.47624207,88.43367004,81.99134827,"",NA,NA,"Plate1",NA,0,379,1,"No"
